source_customer_id,source_system,golden_customer_id,match_method
CRM-00001,CRM,GC0001,SURVIVOR
CRM-00002,CRM,GC0002,AUTO_LINK
SUP-00002,Support,GC0002,AUTO_LINK
CRM-00003,CRM,GC0003,SURVIVOR
ECO-00003,Ecommerce,GC0004,AUTO_LINK
CRM-00004,CRM,GC0004,AUTO_LINK
SUP-00007,Support,GC0005,AUTO_LINK
CRM-00005,CRM,GC0005,AUTO_LINK
ECO-00004,Ecommerce,GC0006,AUTO_LINK
SUP-00008,Support,GC0006,AUTO_LINK
CRM-00006,CRM,GC0006,AUTO_LINK
CRM-00007,CRM,GC0007,AUTO_LINK
SUP-00010,Support,GC0007,AUTO_LINK
SUP-00013,Support,GC0008,AUTO_LINK
CRM-00008,CRM,GC0008,AUTO_LINK
CRM-00009,CRM,GC0009,AUTO_LINK
SUP-00015,Support,GC0009,AUTO_LINK
CRM-00010,CRM,GC0010,AUTO_LINK
SUP-00016,Support,GC0010,AUTO_LINK
CRM-00011,CRM,GC0011,AUTO_LINK
SUP-00017,Support,GC0011,AUTO_LINK
ECO-00009,Ecommerce,GC0011,AUTO_LINK
SUP-00020,Support,GC0012,AUTO_LINK
CRM-00012,CRM,GC0012,AUTO_LINK
CRM-00013,CRM,GC0013,AUTO_LINK
ECO-00012,Ecommerce,GC0013,AUTO_LINK
SUP-00021,Support,GC0013,AUTO_LINK
CRM-00014,CRM,GC0014,AUTO_LINK
ECO-00013,Ecommerce,GC0014,AUTO_LINK
ECO-00014,Ecommerce,GC0015,AUTO_LINK
CRM-00015,CRM,GC0015,AUTO_LINK
SUP-00022,Support,GC0015,AUTO_LINK
ECO-00015,Ecommerce,GC0016,AUTO_LINK
SUP-00025,Support,GC0016,AUTO_LINK
CRM-00016,CRM,GC0016,AUTO_LINK
CRM-00017,CRM,GC0017,AUTO_LINK
ECO-00016,Ecommerce,GC0017,AUTO_LINK
CRM-00018,CRM,GC0018,AUTO_LINK
SUP-00027,Support,GC0018,AUTO_LINK
SUP-00029,Support,GC0019,AUTO_LINK
ECO-00019,Ecommerce,GC0019,AUTO_LINK
CRM-00019,CRM,GC0019,AUTO_LINK
ECO-00020,Ecommerce,GC0020,AUTO_LINK
CRM-00020,CRM,GC0020,AUTO_LINK
SUP-00031,Support,GC0021,AUTO_LINK
ECO-00022,Ecommerce,GC0021,AUTO_LINK
CRM-00021,CRM,GC0021,AUTO_LINK
ECO-00023,Ecommerce,GC0022,AUTO_LINK
CRM-00022,CRM,GC0022,AUTO_LINK
CRM-00023,CRM,GC0023,SURVIVOR
CRM-00024,CRM,GC0024,SURVIVOR
CRM-00025,CRM,GC0025,AUTO_LINK
ECO-00026,Ecommerce,GC0025,AUTO_LINK
CRM-00026,CRM,GC0026,AUTO_LINK
SUP-00037,Support,GC0026,AUTO_LINK
SUP-00040,Support,GC0027,AUTO_LINK
CRM-00027,CRM,GC0027,AUTO_LINK
CRM-00028,CRM,GC0028,AUTO_LINK
ECO-00032,Ecommerce,GC0028,AUTO_LINK
SUP-00042,Support,GC0028,AUTO_LINK
CRM-00029,CRM,GC0029,SURVIVOR
ECO-00034,Ecommerce,GC0030,AUTO_LINK
CRM-00030,CRM,GC0030,AUTO_LINK
SUP-00044,Support,GC0031,AUTO_LINK
CRM-00031,CRM,GC0031,AUTO_LINK
CRM-00032,CRM,GC0032,AUTO_LINK
ECO-00036,Ecommerce,GC0032,AUTO_LINK
CRM-00033,CRM,GC0033,SURVIVOR
SUP-00046,Support,GC0034,AUTO_LINK
CRM-00034,CRM,GC0034,AUTO_LINK
SUP-00047,Support,GC0035,AUTO_LINK
CRM-00035,CRM,GC0035,AUTO_LINK
ECO-00037,Ecommerce,GC0035,AUTO_LINK
CRM-00036,CRM,GC0036,SURVIVOR
CRM-00037,CRM,GC0037,AUTO_LINK
ECO-00038,Ecommerce,GC0037,AUTO_LINK
CRM-00038,CRM,GC0038,AUTO_LINK
SUP-00049,Support,GC0038,AUTO_LINK
ECO-00039,Ecommerce,GC0038,AUTO_LINK
CRM-00039,CRM,GC0039,SURVIVOR
CRM-00040,CRM,GC0040,AUTO_LINK
SUP-00050,Support,GC0040,AUTO_LINK
ECO-00040,Ecommerce,GC0040,AUTO_LINK
CRM-00041,CRM,GC0041,AUTO_LINK
ECO-00044,Ecommerce,GC0041,AUTO_LINK
SUP-00057,Support,GC0042,AUTO_LINK
ECO-00047,Ecommerce,GC0042,AUTO_LINK
CRM-00042,CRM,GC0042,AUTO_LINK
CRM-00043,CRM,GC0043,AUTO_LINK
ECO-00048,Ecommerce,GC0043,AUTO_LINK
SUP-00058,Support,GC0043,AUTO_LINK
ECO-00050,Ecommerce,GC0044,AUTO_LINK
CRM-00044,CRM,GC0044,AUTO_LINK
CRM-00045,CRM,GC0045,SURVIVOR
CRM-00046,CRM,GC0046,AUTO_LINK
ECO-00051,Ecommerce,GC0046,AUTO_LINK
SUP-00060,Support,GC0046,AUTO_LINK
ECO-00053,Ecommerce,GC0047,AUTO_LINK
CRM-00047,CRM,GC0047,AUTO_LINK
CRM-00048,CRM,GC0048,SURVIVOR
ECO-00054,Ecommerce,GC0049,AUTO_LINK
CRM-00049,CRM,GC0049,AUTO_LINK
CRM-00050,CRM,GC0050,AUTO_LINK
SUP-00062,Support,GC0050,AUTO_LINK
SUP-00064,Support,GC0051,AUTO_LINK
ECO-00056,Ecommerce,GC0051,AUTO_LINK
CRM-00051,CRM,GC0051,AUTO_LINK
CRM-00052,CRM,GC0052,AUTO_LINK
SUP-00065,Support,GC0052,AUTO_LINK
SUP-00067,Support,GC0053,AUTO_LINK
ECO-00057,Ecommerce,GC0053,AUTO_LINK
CRM-00053,CRM,GC0053,AUTO_LINK
ECO-00058,Ecommerce,GC0054,AUTO_LINK
CRM-00054,CRM,GC0054,AUTO_LINK
SUP-00068,Support,GC0054,AUTO_LINK
CRM-00055,CRM,GC0055,AUTO_LINK
ECO-00059,Ecommerce,GC0055,AUTO_LINK
ECO-00060,Ecommerce,GC0056,AUTO_LINK
CRM-00056,CRM,GC0056,AUTO_LINK
CRM-00057,CRM,GC0057,AUTO_LINK
SUP-00069,Support,GC0057,AUTO_LINK
CRM-00058,CRM,GC0058,AUTO_LINK
ECO-00061,Ecommerce,GC0058,AUTO_LINK
ECO-00063,Ecommerce,GC0059,AUTO_LINK
SUP-00070,Support,GC0059,AUTO_LINK
CRM-00059,CRM,GC0059,AUTO_LINK
ECO-00064,Ecommerce,GC0060,AUTO_LINK
CRM-00060,CRM,GC0060,AUTO_LINK
SUP-00071,Support,GC0060,AUTO_LINK
CRM-00061,CRM,GC0061,SURVIVOR
CRM-00062,CRM,GC0062,AUTO_LINK
SUP-00073,Support,GC0062,AUTO_LINK
CRM-00063,CRM,GC0063,SURVIVOR
CRM-00064,CRM,GC0064,SURVIVOR
CRM-00065,CRM,GC0065,AUTO_LINK
SUP-00075,Support,GC0065,AUTO_LINK
ECO-00067,Ecommerce,GC0065,AUTO_LINK
CRM-00066,CRM,GC0066,SURVIVOR
CRM-00067,CRM,GC0067,SURVIVOR
CRM-00068,CRM,GC0068,AUTO_LINK
ECO-00068,Ecommerce,GC0068,AUTO_LINK
ECO-00069,Ecommerce,GC0069,AUTO_LINK
CRM-00069,CRM,GC0069,AUTO_LINK
CRM-00070,CRM,GC0070,AUTO_LINK
SUP-00079,Support,GC0070,AUTO_LINK
CRM-00071,CRM,GC0071,AUTO_LINK
SUP-00080,Support,GC0071,AUTO_LINK
CRM-00072,CRM,GC0072,AUTO_LINK
SUP-00081,Support,GC0072,AUTO_LINK
CRM-00073,CRM,GC0073,AUTO_LINK
ECO-00070,Ecommerce,GC0073,AUTO_LINK
ECO-00071,Ecommerce,GC0074,AUTO_LINK
CRM-00074,CRM,GC0074,AUTO_LINK
SUP-00082,Support,GC0074,AUTO_LINK
CRM-00075,CRM,GC0075,SURVIVOR
CRM-00076,CRM,GC0076,SURVIVOR
CRM-00077,CRM,GC0077,AUTO_LINK
SUP-00087,Support,GC0077,AUTO_LINK
ECO-00077,Ecommerce,GC0078,AUTO_LINK
CRM-00078,CRM,GC0078,AUTO_LINK
SUP-00088,Support,GC0078,AUTO_LINK
ECO-00079,Ecommerce,GC0079,AUTO_LINK
CRM-00079,CRM,GC0079,AUTO_LINK
SUP-00090,Support,GC0079,AUTO_LINK
CRM-00080,CRM,GC0080,AUTO_LINK
ECO-00080,Ecommerce,GC0080,AUTO_LINK
CRM-00081,CRM,GC0081,AUTO_LINK
ECO-00083,Ecommerce,GC0081,AUTO_LINK
CRM-00082,CRM,GC0082,AUTO_LINK
ECO-00086,Ecommerce,GC0082,AUTO_LINK
SUP-00095,Support,GC0082,AUTO_LINK
CRM-00083,CRM,GC0083,AUTO_LINK
ECO-00089,Ecommerce,GC0083,AUTO_LINK
CRM-00084,CRM,GC0084,AUTO_LINK
SUP-00098,Support,GC0084,AUTO_LINK
ECO-00090,Ecommerce,GC0084,AUTO_LINK
SUP-00099,Support,GC0085,AUTO_LINK
CRM-00085,CRM,GC0085,AUTO_LINK
CRM-00086,CRM,GC0086,AUTO_LINK
ECO-00091,Ecommerce,GC0086,AUTO_LINK
ECO-00092,Ecommerce,GC0087,AUTO_LINK
SUP-00100,Support,GC0087,AUTO_LINK
CRM-00087,CRM,GC0087,AUTO_LINK
CRM-00088,CRM,GC0088,AUTO_LINK
ECO-00093,Ecommerce,GC0088,AUTO_LINK
CRM-00089,CRM,GC0089,SURVIVOR
CRM-00090,CRM,GC0090,SURVIVOR
ECO-00095,Ecommerce,GC0091,AUTO_LINK
CRM-00091,CRM,GC0091,AUTO_LINK
SUP-00102,Support,GC0092,AUTO_LINK
CRM-00092,CRM,GC0092,AUTO_LINK
ECO-00098,Ecommerce,GC0093,AUTO_LINK
CRM-00093,CRM,GC0093,AUTO_LINK
SUP-00104,Support,GC0094,AUTO_LINK
CRM-00094,CRM,GC0094,AUTO_LINK
SUP-00106,Support,GC0095,AUTO_LINK
ECO-00101,Ecommerce,GC0095,AUTO_LINK
CRM-00095,CRM,GC0095,AUTO_LINK
ECO-00103,Ecommerce,GC0096,AUTO_LINK
SUP-00107,Support,GC0096,AUTO_LINK
CRM-00096,CRM,GC0096,AUTO_LINK
SUP-00108,Support,GC0097,AUTO_LINK
CRM-00097,CRM,GC0097,AUTO_LINK
ECO-00106,Ecommerce,GC0098,AUTO_LINK
CRM-00098,CRM,GC0098,AUTO_LINK
SUP-00110,Support,GC0098,AUTO_LINK
CRM-00099,CRM,GC0099,SURVIVOR
CRM-00100,CRM,GC0100,SURVIVOR
CRM-00101,CRM,GC0101,AUTO_LINK
SUP-00112,Support,GC0101,AUTO_LINK
ECO-00108,Ecommerce,GC0102,AUTO_LINK
CRM-00102,CRM,GC0102,AUTO_LINK
SUP-00113,Support,GC0103,AUTO_LINK
CRM-00103,CRM,GC0103,AUTO_LINK
CRM-00104,CRM,GC0104,AUTO_LINK
SUP-00116,Support,GC0104,AUTO_LINK
ECO-00112,Ecommerce,GC0105,AUTO_LINK
CRM-00105,CRM,GC0105,AUTO_LINK
CRM-00106,CRM,GC0106,SURVIVOR
ECO-00114,Ecommerce,GC0107,AUTO_LINK
CRM-00107,CRM,GC0107,AUTO_LINK
SUP-00118,Support,GC0107,AUTO_LINK
SUP-00119,Support,GC0108,AUTO_LINK
CRM-00108,CRM,GC0108,AUTO_LINK
CRM-00109,CRM,GC0109,AUTO_LINK
ECO-00115,Ecommerce,GC0109,AUTO_LINK
CRM-00110,CRM,GC0110,AUTO_LINK
ECO-00116,Ecommerce,GC0110,AUTO_LINK
SUP-00120,Support,GC0110,AUTO_LINK
CRM-00111,CRM,GC0111,SURVIVOR
CRM-00112,CRM,GC0112,AUTO_LINK
ECO-00119,Ecommerce,GC0112,AUTO_LINK
CRM-00113,CRM,GC0113,AUTO_LINK
ECO-00120,Ecommerce,GC0113,AUTO_LINK
SUP-00122,Support,GC0114,AUTO_LINK
CRM-00114,CRM,GC0114,AUTO_LINK
CRM-00115,CRM,GC0115,AUTO_LINK
ECO-00125,Ecommerce,GC0115,AUTO_LINK
CRM-00116,CRM,GC0116,AUTO_LINK
SUP-00126,Support,GC0116,AUTO_LINK
ECO-00126,Ecommerce,GC0117,AUTO_LINK
SUP-00127,Support,GC0117,AUTO_LINK
CRM-00117,CRM,GC0117,AUTO_LINK
CRM-00118,CRM,GC0118,AUTO_LINK
SUP-00130,Support,GC0118,AUTO_LINK
ECO-00131,Ecommerce,GC0119,AUTO_LINK
CRM-00119,CRM,GC0119,AUTO_LINK
SUP-00135,Support,GC0120,AUTO_LINK
CRM-00120,CRM,GC0120,AUTO_LINK
SUP-00136,Support,GC0121,AUTO_LINK
CRM-00121,CRM,GC0121,AUTO_LINK
CRM-00122,CRM,GC0122,SURVIVOR
CRM-00123,CRM,GC0123,SURVIVOR
CRM-00124,CRM,GC0124,AUTO_LINK
SUP-00139,Support,GC0124,AUTO_LINK
CRM-00125,CRM,GC0125,SURVIVOR
CRM-00126,CRM,GC0126,SURVIVOR
CRM-00127,CRM,GC0127,AUTO_LINK
SUP-00143,Support,GC0127,AUTO_LINK
CRM-00128,CRM,GC0128,AUTO_LINK
SUP-00145,Support,GC0128,AUTO_LINK
CRM-00129,CRM,GC0129,SURVIVOR
CRM-00130,CRM,GC0130,AUTO_LINK
SUP-00146,Support,GC0130,AUTO_LINK
CRM-00131,CRM,GC0131,AUTO_LINK
ECO-00138,Ecommerce,GC0131,AUTO_LINK
CRM-00132,CRM,GC0132,AUTO_LINK
SUP-00148,Support,GC0132,AUTO_LINK
ECO-00139,Ecommerce,GC0132,AUTO_LINK
ECO-00140,Ecommerce,GC0133,AUTO_LINK
CRM-00133,CRM,GC0133,AUTO_LINK
CRM-00134,CRM,GC0134,AUTO_LINK
ECO-00141,Ecommerce,GC0134,AUTO_LINK
SUP-00150,Support,GC0134,AUTO_LINK
ECO-00143,Ecommerce,GC0135,AUTO_LINK
CRM-00135,CRM,GC0135,AUTO_LINK
SUP-00154,Support,GC0136,AUTO_LINK
ECO-00144,Ecommerce,GC0136,AUTO_LINK
CRM-00136,CRM,GC0136,AUTO_LINK
CRM-00137,CRM,GC0137,AUTO_LINK
SUP-00155,Support,GC0137,AUTO_LINK
ECO-00145,Ecommerce,GC0137,AUTO_LINK
CRM-00138,CRM,GC0138,SURVIVOR
SUP-00160,Support,GC0139,AUTO_LINK
CRM-00139,CRM,GC0139,AUTO_LINK
SUP-00161,Support,GC0140,AUTO_LINK
CRM-00140,CRM,GC0140,AUTO_LINK
CRM-00141,CRM,GC0141,AUTO_LINK
SUP-00162,Support,GC0141,AUTO_LINK
CRM-00142,CRM,GC0142,AUTO_LINK
ECO-00149,Ecommerce,GC0142,AUTO_LINK
CRM-00143,CRM,GC0143,SURVIVOR
SUP-00164,Support,GC0144,AUTO_LINK
CRM-00144,CRM,GC0144,AUTO_LINK
CRM-00145,CRM,GC0145,AUTO_LINK
ECO-00150,Ecommerce,GC0145,AUTO_LINK
CRM-00146,CRM,GC0146,AUTO_LINK
ECO-00151,Ecommerce,GC0146,AUTO_LINK
CRM-00147,CRM,GC0147,AUTO_LINK
ECO-00152,Ecommerce,GC0147,AUTO_LINK
SUP-00165,Support,GC0148,AUTO_LINK
CRM-00148,CRM,GC0148,AUTO_LINK
ECO-00153,Ecommerce,GC0148,AUTO_LINK
CRM-00149,CRM,GC0149,AUTO_LINK
ECO-00154,Ecommerce,GC0149,AUTO_LINK
CRM-00150,CRM,GC0150,SURVIVOR
ECO-00155,Ecommerce,GC0151,AUTO_LINK
CRM-00151,CRM,GC0151,AUTO_LINK
CRM-00152,CRM,GC0152,SURVIVOR
SUP-00167,Support,GC0153,AUTO_LINK
CRM-00153,CRM,GC0153,AUTO_LINK
ECO-00157,Ecommerce,GC0154,AUTO_LINK
CRM-00154,CRM,GC0154,AUTO_LINK
CRM-00155,CRM,GC0155,AUTO_LINK
ECO-00161,Ecommerce,GC0155,AUTO_LINK
CRM-00156,CRM,GC0156,SURVIVOR
CRM-00157,CRM,GC0157,SURVIVOR
CRM-00158,CRM,GC0158,SURVIVOR
SUP-00169,Support,GC0159,AUTO_LINK
ECO-00163,Ecommerce,GC0159,AUTO_LINK
CRM-00159,CRM,GC0159,AUTO_LINK
ECO-00164,Ecommerce,GC0160,AUTO_LINK
CRM-00160,CRM,GC0160,AUTO_LINK
CRM-00161,CRM,GC0161,SURVIVOR
SUP-00172,Support,GC0162,AUTO_LINK
CRM-00162,CRM,GC0162,AUTO_LINK
SUP-00173,Support,GC0163,AUTO_LINK
CRM-00163,CRM,GC0163,AUTO_LINK
ECO-00167,Ecommerce,GC0164,AUTO_LINK
SUP-00176,Support,GC0164,AUTO_LINK
CRM-00164,CRM,GC0164,AUTO_LINK
SUP-00177,Support,GC0165,AUTO_LINK
CRM-00165,CRM,GC0165,AUTO_LINK
CRM-00166,CRM,GC0166,AUTO_LINK
SUP-00178,Support,GC0166,AUTO_LINK
CRM-00167,CRM,GC0167,AUTO_LINK
SUP-00179,Support,GC0167,AUTO_LINK
SUP-00181,Support,GC0168,AUTO_LINK
ECO-00169,Ecommerce,GC0168,AUTO_LINK
CRM-00168,CRM,GC0168,AUTO_LINK
CRM-00169,CRM,GC0169,AUTO_LINK
SUP-00182,Support,GC0169,AUTO_LINK
ECO-00170,Ecommerce,GC0169,AUTO_LINK
SUP-00183,Support,GC0170,AUTO_LINK
CRM-00170,CRM,GC0170,AUTO_LINK
SUP-00184,Support,GC0171,AUTO_LINK
CRM-00171,CRM,GC0171,AUTO_LINK
SUP-00185,Support,GC0172,AUTO_LINK
CRM-00172,CRM,GC0172,AUTO_LINK
CRM-00173,CRM,GC0173,AUTO_LINK
ECO-00171,Ecommerce,GC0173,AUTO_LINK
CRM-00174,CRM,GC0174,AUTO_LINK
SUP-00187,Support,GC0174,AUTO_LINK
CRM-00175,CRM,GC0175,AUTO_LINK
SUP-00188,Support,GC0175,AUTO_LINK
CRM-00176,CRM,GC0176,AUTO_LINK
SUP-00189,Support,GC0176,AUTO_LINK
CRM-00177,CRM,GC0177,SURVIVOR
ECO-00175,Ecommerce,GC0178,AUTO_LINK
CRM-00178,CRM,GC0178,AUTO_LINK
SUP-00197,Support,GC0179,AUTO_LINK
CRM-00179,CRM,GC0179,AUTO_LINK
ECO-00178,Ecommerce,GC0179,AUTO_LINK
ECO-00179,Ecommerce,GC0180,AUTO_LINK
CRM-00180,CRM,GC0180,AUTO_LINK
SUP-00198,Support,GC0180,AUTO_LINK
CRM-00181,CRM,GC0181,SURVIVOR
SUP-00200,Support,GC0182,AUTO_LINK
CRM-00182,CRM,GC0182,AUTO_LINK
CRM-00183,CRM,GC0183,AUTO_LINK
ECO-00183,Ecommerce,GC0183,AUTO_LINK
SUP-00204,Support,GC0184,AUTO_LINK
CRM-00184,CRM,GC0184,AUTO_LINK
ECO-00187,Ecommerce,GC0185,AUTO_LINK
CRM-00185,CRM,GC0185,AUTO_LINK
SUP-00205,Support,GC0185,AUTO_LINK
CRM-00186,CRM,GC0186,AUTO_LINK
SUP-00207,Support,GC0186,AUTO_LINK
CRM-00187,CRM,GC0187,SURVIVOR
CRM-00188,CRM,GC0188,AUTO_LINK
ECO-00189,Ecommerce,GC0188,AUTO_LINK
CRM-00189,CRM,GC0189,AUTO_LINK
SUP-00208,Support,GC0189,AUTO_LINK
CRM-00190,CRM,GC0190,AUTO_LINK
ECO-00190,Ecommerce,GC0190,AUTO_LINK
ECO-00191,Ecommerce,GC0191,AUTO_LINK
SUP-00209,Support,GC0191,AUTO_LINK
CRM-00191,CRM,GC0191,AUTO_LINK
SUP-00210,Support,GC0192,AUTO_LINK
CRM-00192,CRM,GC0192,AUTO_LINK
SUP-00212,Support,GC0193,AUTO_LINK
ECO-00192,Ecommerce,GC0193,AUTO_LINK
CRM-00193,CRM,GC0193,AUTO_LINK
CRM-00194,CRM,GC0194,SURVIVOR
ECO-00193,Ecommerce,GC0195,AUTO_LINK
CRM-00195,CRM,GC0195,AUTO_LINK
ECO-00196,Ecommerce,GC0196,AUTO_LINK
SUP-00216,Support,GC0196,AUTO_LINK
CRM-00196,CRM,GC0196,AUTO_LINK
CRM-00197,CRM,GC0197,AUTO_LINK
SUP-00218,Support,GC0197,AUTO_LINK
CRM-00198,CRM,GC0198,AUTO_LINK
ECO-00199,Ecommerce,GC0198,AUTO_LINK
CRM-00199,CRM,GC0199,AUTO_LINK
SUP-00219,Support,GC0199,AUTO_LINK
SUP-00220,Support,GC0200,AUTO_LINK
CRM-00200,CRM,GC0200,AUTO_LINK
ECO-00200,Ecommerce,GC0201,AUTO_LINK
SUP-00221,Support,GC0201,AUTO_LINK
CRM-00201,CRM,GC0201,AUTO_LINK
CRM-00202,CRM,GC0202,SURVIVOR
ECO-00202,Ecommerce,GC0203,AUTO_LINK
CRM-00203,CRM,GC0203,AUTO_LINK
ECO-00204,Ecommerce,GC0204,AUTO_LINK
CRM-00204,CRM,GC0204,AUTO_LINK
ECO-00205,Ecommerce,GC0205,AUTO_LINK
SUP-00223,Support,GC0205,AUTO_LINK
CRM-00205,CRM,GC0205,AUTO_LINK
CRM-00206,CRM,GC0206,AUTO_LINK
SUP-00224,Support,GC0206,AUTO_LINK
CRM-00207,CRM,GC0207,AUTO_LINK
ECO-00206,Ecommerce,GC0207,AUTO_LINK
ECO-00207,Ecommerce,GC0208,AUTO_LINK
SUP-00225,Support,GC0208,AUTO_LINK
CRM-00208,CRM,GC0208,AUTO_LINK
ECO-00208,Ecommerce,GC0209,AUTO_LINK
CRM-00209,CRM,GC0209,AUTO_LINK
CRM-00210,CRM,GC0210,AUTO_LINK
SUP-00226,Support,GC0210,AUTO_LINK
ECO-00209,Ecommerce,GC0211,AUTO_LINK
CRM-00211,CRM,GC0211,AUTO_LINK
CRM-00212,CRM,GC0212,SURVIVOR
CRM-00213,CRM,GC0213,SURVIVOR
SUP-00228,Support,GC0214,AUTO_LINK
ECO-00213,Ecommerce,GC0214,AUTO_LINK
CRM-00214,CRM,GC0214,AUTO_LINK
ECO-00214,Ecommerce,GC0215,AUTO_LINK
CRM-00215,CRM,GC0215,AUTO_LINK
SUP-00233,Support,GC0216,AUTO_LINK
CRM-00216,CRM,GC0216,AUTO_LINK
ECO-00217,Ecommerce,GC0217,AUTO_LINK
CRM-00217,CRM,GC0217,AUTO_LINK
SUP-00235,Support,GC0217,AUTO_LINK
CRM-00218,CRM,GC0218,AUTO_LINK
SUP-00238,Support,GC0218,AUTO_LINK
ECO-00219,Ecommerce,GC0218,AUTO_LINK
CRM-00219,CRM,GC0219,AUTO_LINK
SUP-00239,Support,GC0219,AUTO_LINK
ECO-00220,Ecommerce,GC0219,AUTO_LINK
CRM-00220,CRM,GC0220,SURVIVOR
CRM-00221,CRM,GC0221,AUTO_LINK
ECO-00223,Ecommerce,GC0221,AUTO_LINK
CRM-00222,CRM,GC0222,AUTO_LINK
ECO-00225,Ecommerce,GC0222,AUTO_LINK
CRM-00223,CRM,GC0223,AUTO_LINK
SUP-00244,Support,GC0223,AUTO_LINK
SUP-00245,Support,GC0224,AUTO_LINK
CRM-00224,CRM,GC0224,AUTO_LINK
CRM-00225,CRM,GC0225,AUTO_LINK
SUP-00246,Support,GC0225,AUTO_LINK
ECO-00226,Ecommerce,GC0225,AUTO_LINK
CRM-00226,CRM,GC0226,AUTO_LINK
SUP-00247,Support,GC0226,AUTO_LINK
ECO-00227,Ecommerce,GC0226,AUTO_LINK
ECO-00228,Ecommerce,GC0227,AUTO_LINK
CRM-00227,CRM,GC0227,AUTO_LINK
SUP-00248,Support,GC0228,AUTO_LINK
CRM-00228,CRM,GC0228,AUTO_LINK
CRM-00229,CRM,GC0229,AUTO_LINK
SUP-00249,Support,GC0229,AUTO_LINK
CRM-00230,CRM,GC0230,AUTO_LINK
ECO-00229,Ecommerce,GC0230,AUTO_LINK
ECO-00230,Ecommerce,GC0231,AUTO_LINK
CRM-00231,CRM,GC0231,AUTO_LINK
SUP-00250,Support,GC0232,AUTO_LINK
CRM-00232,CRM,GC0232,AUTO_LINK
CRM-00233,CRM,GC0233,SURVIVOR
SUP-00251,Support,GC0234,AUTO_LINK
CRM-00234,CRM,GC0234,AUTO_LINK
ECO-00231,Ecommerce,GC0234,AUTO_LINK
ECO-00232,Ecommerce,GC0235,AUTO_LINK
CRM-00235,CRM,GC0235,AUTO_LINK
SUP-00252,Support,GC0236,AUTO_LINK
CRM-00236,CRM,GC0236,AUTO_LINK
CRM-00237,CRM,GC0237,AUTO_LINK
ECO-00233,Ecommerce,GC0237,AUTO_LINK
CRM-00238,CRM,GC0238,AUTO_LINK
SUP-00254,Support,GC0238,AUTO_LINK
SUP-00257,Support,GC0239,AUTO_LINK
CRM-00239,CRM,GC0239,AUTO_LINK
ECO-00238,Ecommerce,GC0239,AUTO_LINK
CRM-00240,CRM,GC0240,SURVIVOR
ECO-00239,Ecommerce,GC0241,AUTO_LINK
CRM-00241,CRM,GC0241,AUTO_LINK
SUP-00258,Support,GC0241,AUTO_LINK
SUP-00260,Support,GC0242,AUTO_LINK
CRM-00242,CRM,GC0242,AUTO_LINK
ECO-00241,Ecommerce,GC0242,AUTO_LINK
CRM-00243,CRM,GC0243,SURVIVOR
ECO-00242,Ecommerce,GC0244,AUTO_LINK
SUP-00261,Support,GC0244,AUTO_LINK
CRM-00244,CRM,GC0244,AUTO_LINK
SUP-00263,Support,GC0245,AUTO_LINK
CRM-00245,CRM,GC0245,AUTO_LINK
CRM-00246,CRM,GC0246,SURVIVOR
CRM-00247,CRM,GC0247,AUTO_LINK
SUP-00265,Support,GC0247,AUTO_LINK
CRM-00248,CRM,GC0248,SURVIVOR
SUP-00266,Support,GC0249,AUTO_LINK
CRM-00249,CRM,GC0249,AUTO_LINK
ECO-00246,Ecommerce,GC0249,AUTO_LINK
CRM-00250,CRM,GC0250,SURVIVOR
CRM-00251,CRM,GC0251,SURVIVOR
CRM-00252,CRM,GC0252,SURVIVOR
CRM-00253,CRM,GC0253,AUTO_LINK
ECO-00250,Ecommerce,GC0253,AUTO_LINK
CRM-00254,CRM,GC0254,AUTO_LINK
SUP-00270,Support,GC0254,AUTO_LINK
ECO-00251,Ecommerce,GC0255,AUTO_LINK
CRM-00255,CRM,GC0255,AUTO_LINK
CRM-00256,CRM,GC0256,SURVIVOR
ECO-00255,Ecommerce,GC0257,AUTO_LINK
SUP-00272,Support,GC0257,AUTO_LINK
CRM-00257,CRM,GC0257,AUTO_LINK
ECO-00256,Ecommerce,GC0258,AUTO_LINK
CRM-00258,CRM,GC0258,AUTO_LINK
CRM-00259,CRM,GC0259,SURVIVOR
CRM-00260,CRM,GC0260,AUTO_LINK
ECO-00257,Ecommerce,GC0260,AUTO_LINK
SUP-00274,Support,GC0261,AUTO_LINK
CRM-00261,CRM,GC0261,AUTO_LINK
CRM-00262,CRM,GC0262,AUTO_LINK
ECO-00259,Ecommerce,GC0262,AUTO_LINK
CRM-00263,CRM,GC0263,AUTO_LINK
ECO-00261,Ecommerce,GC0263,AUTO_LINK
SUP-00276,Support,GC0264,AUTO_LINK
ECO-00262,Ecommerce,GC0264,AUTO_LINK
CRM-00264,CRM,GC0264,AUTO_LINK
ECO-00263,Ecommerce,GC0265,AUTO_LINK
CRM-00265,CRM,GC0265,AUTO_LINK
SUP-00278,Support,GC0266,AUTO_LINK
CRM-00266,CRM,GC0266,AUTO_LINK
CRM-00267,CRM,GC0267,SURVIVOR
CRM-00268,CRM,GC0268,SURVIVOR
CRM-00269,CRM,GC0269,AUTO_LINK
ECO-00267,Ecommerce,GC0269,AUTO_LINK
SUP-00282,Support,GC0270,AUTO_LINK
CRM-00270,CRM,GC0270,AUTO_LINK
CRM-00271,CRM,GC0271,AUTO_LINK
SUP-00284,Support,GC0271,AUTO_LINK
CRM-00272,CRM,GC0272,AUTO_LINK
SUP-00285,Support,GC0272,AUTO_LINK
CRM-00273,CRM,GC0273,AUTO_LINK
SUP-00288,Support,GC0273,AUTO_LINK
CRM-00274,CRM,GC0274,SURVIVOR
SUP-00290,Support,GC0275,AUTO_LINK
CRM-00275,CRM,GC0275,AUTO_LINK
SUP-00291,Support,GC0276,AUTO_LINK
CRM-00276,CRM,GC0276,AUTO_LINK
CRM-00277,CRM,GC0277,SURVIVOR
CRM-00278,CRM,GC0278,SURVIVOR
CRM-00279,CRM,GC0279,SURVIVOR
CRM-00280,CRM,GC0280,SURVIVOR
CRM-00281,CRM,GC0281,SURVIVOR
CRM-00282,CRM,GC0282,SURVIVOR
ECO-00001,Ecommerce,GC0283,AUTO_LINK
SUP-00005,Support,GC0283,AUTO_LINK
ECO-00002,Ecommerce,GC0284,AUTO_LINK
SUP-00006,Support,GC0284,AUTO_LINK
SUP-00009,Support,GC0285,AUTO_LINK
ECO-00005,Ecommerce,GC0285,AUTO_LINK
ECO-00006,Ecommerce,GC0286,AUTO_LINK
SUP-00011,Support,GC0286,AUTO_LINK
SUP-00012,Support,GC0287,AUTO_LINK
ECO-00007,Ecommerce,GC0287,AUTO_LINK
ECO-00008,Ecommerce,GC0288,SURVIVOR
SUP-00018,Support,GC0289,AUTO_LINK
ECO-00010,Ecommerce,GC0289,AUTO_LINK
ECO-00011,Ecommerce,GC0290,AUTO_LINK
SUP-00019,Support,GC0290,AUTO_LINK
ECO-00017,Ecommerce,GC0291,SURVIVOR
ECO-00018,Ecommerce,GC0292,SURVIVOR
ECO-00021,Ecommerce,GC0293,AUTO_LINK
SUP-00030,Support,GC0293,AUTO_LINK
SUP-00032,Support,GC0294,AUTO_LINK
ECO-00024,Ecommerce,GC0294,AUTO_LINK
ECO-00025,Ecommerce,GC0295,AUTO_LINK
SUP-00033,Support,GC0295,AUTO_LINK
ECO-00027,Ecommerce,GC0296,AUTO_LINK
SUP-00035,Support,GC0296,AUTO_LINK
SUP-00036,Support,GC0297,AUTO_LINK
ECO-00028,Ecommerce,GC0297,AUTO_LINK
ECO-00029,Ecommerce,GC0298,AUTO_LINK
SUP-00038,Support,GC0298,AUTO_LINK
ECO-00030,Ecommerce,GC0299,SURVIVOR
ECO-00031,Ecommerce,GC0300,SURVIVOR
ECO-00033,Ecommerce,GC0301,SURVIVOR
SUP-00043,Support,GC0302,AUTO_LINK
ECO-00035,Ecommerce,GC0302,AUTO_LINK
SUP-00052,Support,GC0303,AUTO_LINK
ECO-00041,Ecommerce,GC0303,AUTO_LINK
ECO-00042,Ecommerce,GC0304,SURVIVOR
ECO-00043,Ecommerce,GC0305,SURVIVOR
ECO-00045,Ecommerce,GC0306,SURVIVOR
SUP-00055,Support,GC0307,AUTO_LINK
ECO-00046,Ecommerce,GC0307,AUTO_LINK
ECO-00049,Ecommerce,GC0308,AUTO_LINK
SUP-00059,Support,GC0308,AUTO_LINK
ECO-00052,Ecommerce,GC0309,SURVIVOR
ECO-00055,Ecommerce,GC0310,AUTO_LINK
SUP-00063,Support,GC0310,AUTO_LINK
ECO-00062,Ecommerce,GC0311,SURVIVOR
ECO-00065,Ecommerce,GC0312,SURVIVOR
ECO-00066,Ecommerce,GC0313,SURVIVOR
SUP-00083,Support,GC0314,AUTO_LINK
ECO-00072,Ecommerce,GC0314,AUTO_LINK
ECO-00073,Ecommerce,GC0315,SURVIVOR
ECO-00074,Ecommerce,GC0316,SURVIVOR
SUP-00086,Support,GC0317,AUTO_LINK
ECO-00075,Ecommerce,GC0317,AUTO_LINK
ECO-00076,Ecommerce,GC0318,SURVIVOR
SUP-00089,Support,GC0319,AUTO_LINK
ECO-00078,Ecommerce,GC0319,AUTO_LINK
ECO-00081,Ecommerce,GC0320,AUTO_LINK
SUP-00091,Support,GC0320,AUTO_LINK
ECO-00082,Ecommerce,GC0321,AUTO_LINK
SUP-00092,Support,GC0321,AUTO_LINK
ECO-00084,Ecommerce,GC0322,AUTO_LINK
SUP-00094,Support,GC0322,AUTO_LINK
ECO-00085,Ecommerce,GC0323,SURVIVOR
SUP-00096,Support,GC0324,AUTO_LINK
ECO-00087,Ecommerce,GC0324,AUTO_LINK
ECO-00088,Ecommerce,GC0325,AUTO_LINK
SUP-00097,Support,GC0325,AUTO_LINK
ECO-00094,Ecommerce,GC0326,SURVIVOR
ECO-00096,Ecommerce,GC0327,SURVIVOR
SUP-00103,Support,GC0328,AUTO_LINK
ECO-00097,Ecommerce,GC0328,AUTO_LINK
ECO-00099,Ecommerce,GC0329,SURVIVOR
SUP-00105,Support,GC0330,AUTO_LINK
ECO-00100,Ecommerce,GC0330,AUTO_LINK
ECO-00102,Ecommerce,GC0331,SURVIVOR
SUP-00109,Support,GC0332,AUTO_LINK
ECO-00104,Ecommerce,GC0332,AUTO_LINK
ECO-00105,Ecommerce,GC0333,SURVIVOR
ECO-00107,Ecommerce,GC0334,SURVIVOR
SUP-00114,Support,GC0335,AUTO_LINK
ECO-00109,Ecommerce,GC0335,AUTO_LINK
ECO-00110,Ecommerce,GC0336,SURVIVOR
ECO-00111,Ecommerce,GC0337,SURVIVOR
ECO-00113,Ecommerce,GC0338,AUTO_LINK
SUP-00117,Support,GC0338,AUTO_LINK
SUP-00121,Support,GC0339,AUTO_LINK
ECO-00117,Ecommerce,GC0339,AUTO_LINK
ECO-00118,Ecommerce,GC0340,SURVIVOR
ECO-00121,Ecommerce,GC0341,AUTO_LINK
SUP-00123,Support,GC0341,AUTO_LINK
ECO-00122,Ecommerce,GC0342,SURVIVOR
SUP-00124,Support,GC0343,AUTO_LINK
ECO-00123,Ecommerce,GC0343,AUTO_LINK
ECO-00124,Ecommerce,GC0344,AUTO_LINK
SUP-00125,Support,GC0344,AUTO_LINK
ECO-00127,Ecommerce,GC0345,AUTO_LINK
SUP-00129,Support,GC0345,AUTO_LINK
ECO-00128,Ecommerce,GC0346,SURVIVOR
ECO-00129,Ecommerce,GC0347,AUTO_LINK
SUP-00132,Support,GC0347,AUTO_LINK
ECO-00130,Ecommerce,GC0348,AUTO_LINK
SUP-00133,Support,GC0348,AUTO_LINK
SUP-00138,Support,GC0349,AUTO_LINK
ECO-00132,Ecommerce,GC0349,AUTO_LINK
ECO-00133,Ecommerce,GC0350,SURVIVOR
SUP-00140,Support,GC0351,AUTO_LINK
ECO-00134,Ecommerce,GC0351,AUTO_LINK
ECO-00135,Ecommerce,GC0352,AUTO_LINK
SUP-00142,Support,GC0352,AUTO_LINK
ECO-00136,Ecommerce,GC0353,AUTO_LINK
SUP-00144,Support,GC0353,AUTO_LINK
ECO-00137,Ecommerce,GC0354,AUTO_LINK
SUP-00147,Support,GC0354,AUTO_LINK
ECO-00142,Ecommerce,GC0355,AUTO_LINK
SUP-00151,Support,GC0355,AUTO_LINK
ECO-00146,Ecommerce,GC0356,AUTO_LINK
SUP-00158,Support,GC0356,AUTO_LINK
ECO-00147,Ecommerce,GC0357,SURVIVOR
ECO-00148,Ecommerce,GC0358,SURVIVOR
ECO-00156,Ecommerce,GC0359,AUTO_LINK
SUP-00166,Support,GC0359,AUTO_LINK
ECO-00158,Ecommerce,GC0360,SURVIVOR
ECO-00159,Ecommerce,GC0361,SURVIVOR
ECO-00160,Ecommerce,GC0362,SURVIVOR
ECO-00162,Ecommerce,GC0363,AUTO_LINK
SUP-00168,Support,GC0363,AUTO_LINK
ECO-00165,Ecommerce,GC0364,SURVIVOR
ECO-00166,Ecommerce,GC0365,AUTO_LINK
SUP-00175,Support,GC0365,AUTO_LINK
ECO-00168,Ecommerce,GC0366,AUTO_LINK
SUP-00180,Support,GC0366,AUTO_LINK
ECO-00172,Ecommerce,GC0367,SURVIVOR
SUP-00190,Support,GC0368,AUTO_LINK
ECO-00173,Ecommerce,GC0368,AUTO_LINK
SUP-00192,Support,GC0369,AUTO_LINK
ECO-00174,Ecommerce,GC0369,AUTO_LINK
SUP-00193,Support,GC0370,AUTO_LINK
ECO-00176,Ecommerce,GC0370,AUTO_LINK
ECO-00177,Ecommerce,GC0371,SURVIVOR
SUP-00199,Support,GC0372,AUTO_LINK
ECO-00180,Ecommerce,GC0372,AUTO_LINK
ECO-00181,Ecommerce,GC0373,SURVIVOR
ECO-00182,Ecommerce,GC0374,AUTO_LINK
SUP-00202,Support,GC0374,AUTO_LINK
ECO-00184,Ecommerce,GC0375,SURVIVOR
ECO-00185,Ecommerce,GC0376,SURVIVOR
ECO-00186,Ecommerce,GC0377,SURVIVOR
SUP-00206,Support,GC0378,AUTO_LINK
ECO-00188,Ecommerce,GC0378,AUTO_LINK
SUP-00214,Support,GC0379,AUTO_LINK
ECO-00194,Ecommerce,GC0379,AUTO_LINK
SUP-00215,Support,GC0380,AUTO_LINK
ECO-00195,Ecommerce,GC0380,AUTO_LINK
ECO-00197,Ecommerce,GC0381,SURVIVOR
ECO-00198,Ecommerce,GC0382,AUTO_LINK
SUP-00217,Support,GC0382,AUTO_LINK
ECO-00201,Ecommerce,GC0383,SURVIVOR
ECO-00203,Ecommerce,GC0384,SURVIVOR
ECO-00210,Ecommerce,GC0385,SURVIVOR
ECO-00211,Ecommerce,GC0386,AUTO_LINK
SUP-00227,Support,GC0386,AUTO_LINK
ECO-00212,Ecommerce,GC0387,SURVIVOR
SUP-00230,Support,GC0388,AUTO_LINK
ECO-00215,Ecommerce,GC0388,AUTO_LINK
ECO-00216,Ecommerce,GC0389,SURVIVOR
ECO-00218,Ecommerce,GC0390,AUTO_LINK
SUP-00236,Support,GC0390,AUTO_LINK
SUP-00240,Support,GC0391,AUTO_LINK
ECO-00221,Ecommerce,GC0391,AUTO_LINK
ECO-00222,Ecommerce,GC0392,SURVIVOR
ECO-00224,Ecommerce,GC0393,AUTO_LINK
SUP-00243,Support,GC0393,AUTO_LINK
ECO-00234,Ecommerce,GC0394,SURVIVOR
SUP-00255,Support,GC0395,AUTO_LINK
ECO-00235,Ecommerce,GC0395,AUTO_LINK
ECO-00236,Ecommerce,GC0396,AUTO_LINK
SUP-00256,Support,GC0396,AUTO_LINK
ECO-00237,Ecommerce,GC0397,SURVIVOR
SUP-00259,Support,GC0398,AUTO_LINK
ECO-00240,Ecommerce,GC0398,AUTO_LINK
ECO-00243,Ecommerce,GC0399,SURVIVOR
ECO-00244,Ecommerce,GC0400,AUTO_LINK
SUP-00262,Support,GC0400,AUTO_LINK
SUP-00264,Support,GC0401,AUTO_LINK
ECO-00245,Ecommerce,GC0401,AUTO_LINK
ECO-00247,Ecommerce,GC0402,SURVIVOR
ECO-00248,Ecommerce,GC0403,SURVIVOR
SUP-00268,Support,GC0404,AUTO_LINK
ECO-00249,Ecommerce,GC0404,AUTO_LINK
ECO-00252,Ecommerce,GC0405,SURVIVOR
ECO-00253,Ecommerce,GC0406,SURVIVOR
SUP-00271,Support,GC0407,AUTO_LINK
ECO-00254,Ecommerce,GC0407,AUTO_LINK
ECO-00258,Ecommerce,GC0408,SURVIVOR
ECO-00260,Ecommerce,GC0409,SURVIVOR
SUP-00277,Support,GC0410,AUTO_LINK
ECO-00264,Ecommerce,GC0410,AUTO_LINK
ECO-00265,Ecommerce,GC0411,SURVIVOR
SUP-00279,Support,GC0412,AUTO_LINK
ECO-00266,Ecommerce,GC0412,AUTO_LINK
SUP-00286,Support,GC0413,AUTO_LINK
ECO-00268,Ecommerce,GC0413,AUTO_LINK
ECO-00269,Ecommerce,GC0414,SURVIVOR
ECO-00270,Ecommerce,GC0415,SURVIVOR
ECO-00271,Ecommerce,GC0416,SURVIVOR
ECO-00272,Ecommerce,GC0417,SURVIVOR
ECO-00273,Ecommerce,GC0418,AUTO_LINK
SUP-00289,Support,GC0418,AUTO_LINK
ECO-00274,Ecommerce,GC0419,SURVIVOR
ECO-00275,Ecommerce,GC0420,SURVIVOR
ECO-00276,Ecommerce,GC0421,SURVIVOR
SUP-00001,Support,GC0422,SURVIVOR
SUP-00003,Support,GC0423,SURVIVOR
SUP-00004,Support,GC0424,SURVIVOR
SUP-00014,Support,GC0425,SURVIVOR
SUP-00023,Support,GC0426,SURVIVOR
SUP-00024,Support,GC0427,SURVIVOR
SUP-00026,Support,GC0428,SURVIVOR
SUP-00028,Support,GC0429,SURVIVOR
SUP-00034,Support,GC0430,SURVIVOR
SUP-00039,Support,GC0431,SURVIVOR
SUP-00041,Support,GC0432,SURVIVOR
SUP-00045,Support,GC0433,SURVIVOR
SUP-00048,Support,GC0434,SURVIVOR
SUP-00051,Support,GC0435,SURVIVOR
SUP-00053,Support,GC0436,SURVIVOR
SUP-00054,Support,GC0437,SURVIVOR
SUP-00056,Support,GC0438,SURVIVOR
SUP-00061,Support,GC0439,SURVIVOR
SUP-00066,Support,GC0440,SURVIVOR
SUP-00072,Support,GC0441,SURVIVOR
SUP-00074,Support,GC0442,SURVIVOR
SUP-00076,Support,GC0443,SURVIVOR
SUP-00077,Support,GC0444,SURVIVOR
SUP-00078,Support,GC0445,SURVIVOR
SUP-00084,Support,GC0446,SURVIVOR
SUP-00085,Support,GC0447,SURVIVOR
SUP-00093,Support,GC0448,SURVIVOR
SUP-00101,Support,GC0449,SURVIVOR
SUP-00111,Support,GC0450,SURVIVOR
SUP-00115,Support,GC0451,SURVIVOR
SUP-00128,Support,GC0452,SURVIVOR
SUP-00131,Support,GC0453,SURVIVOR
SUP-00134,Support,GC0454,SURVIVOR
SUP-00137,Support,GC0455,SURVIVOR
SUP-00141,Support,GC0456,SURVIVOR
SUP-00149,Support,GC0457,SURVIVOR
SUP-00152,Support,GC0458,SURVIVOR
SUP-00153,Support,GC0459,SURVIVOR
SUP-00156,Support,GC0460,SURVIVOR
SUP-00157,Support,GC0461,SURVIVOR
SUP-00159,Support,GC0462,SURVIVOR
SUP-00163,Support,GC0463,SURVIVOR
SUP-00170,Support,GC0464,SURVIVOR
SUP-00171,Support,GC0465,SURVIVOR
SUP-00174,Support,GC0466,SURVIVOR
SUP-00186,Support,GC0467,SURVIVOR
SUP-00191,Support,GC0468,SURVIVOR
SUP-00194,Support,GC0469,SURVIVOR
SUP-00195,Support,GC0470,SURVIVOR
SUP-00196,Support,GC0471,SURVIVOR
SUP-00201,Support,GC0472,SURVIVOR
SUP-00203,Support,GC0473,SURVIVOR
SUP-00211,Support,GC0474,SURVIVOR
SUP-00213,Support,GC0475,SURVIVOR
SUP-00222,Support,GC0476,SURVIVOR
SUP-00229,Support,GC0477,SURVIVOR
SUP-00231,Support,GC0478,SURVIVOR
SUP-00232,Support,GC0479,SURVIVOR
SUP-00234,Support,GC0480,SURVIVOR
SUP-00237,Support,GC0481,SURVIVOR
SUP-00241,Support,GC0482,SURVIVOR
SUP-00242,Support,GC0483,SURVIVOR
SUP-00253,Support,GC0484,SURVIVOR
SUP-00267,Support,GC0485,SURVIVOR
SUP-00269,Support,GC0486,SURVIVOR
SUP-00273,Support,GC0487,SURVIVOR
SUP-00275,Support,GC0488,SURVIVOR
SUP-00280,Support,GC0489,SURVIVOR
SUP-00281,Support,GC0490,SURVIVOR
SUP-00283,Support,GC0491,SURVIVOR
SUP-00287,Support,GC0492,SURVIVOR
SUP-00292,Support,GC0493,SURVIVOR
SUP-00293,Support,GC0494,SURVIVOR
SUP-00294,Support,GC0495,SURVIVOR
SUP-00295,Support,GC0496,SURVIVOR
SUP-00296,Support,GC0497,SURVIVOR
SUP-00297,Support,GC0498,SURVIVOR
