post_id,date,month,platform,campaign,format,theme,paid,impressions,reach,engagements,clicks,conversions,spend,revenue,follower_start,followers_gained,followers_lost,follower_end,response_hours
SM0001,2026-06-01,2026-06,Instagram,Always On,Short Video,Education,1,6795,4890,344,116,11,594.62,1018.65,28400,7,1,28406,35.9
SM0002,2026-06-02,2026-06,Instagram,Summer Launch,Carousel,Customer Story,0,11354,9078,904,231,11,0,2080.88,28406,22,4,28424,22.8
SM0003,2026-06-03,2026-06,Instagram,Lead Gen,Static Image,Industry Insight,0,3577,2450,104,81,5,0,728.21,28424,5,2,28427,11.1
SM0004,2026-06-04,2026-06,Instagram,Brand Trust,Article,Education,0,13859,9792,497,382,16,0,2172.82,28427,18,6,28439,47.4
SM0005,2026-06-05,2026-06,Instagram,Always On,Live Clip,Customer Story,1,10341,7398,638,300,19,834.6,1599.21,28439,11,1,28449,31.1
SM0006,2026-06-06,2026-06,Instagram,Summer Launch,Short Video,Industry Insight,0,9490,7671,376,151,6,0,1059.08,28449,16,3,28462,19.7
SM0007,2026-06-07,2026-06,Instagram,Lead Gen,Carousel,Education,0,5375,4003,308,105,11,0,899.55,28462,6,1,28467,16.3
SM0008,2026-06-08,2026-06,Instagram,Brand Trust,Static Image,Customer Story,0,9983,7566,466,156,10,0,1506.35,28467,11,3,28475,7.2
SM0009,2026-06-09,2026-06,Instagram,Always On,Article,Industry Insight,1,15501,10513,997,215,23,693.2,2379.63,28475,21,8,28488,11.6
SM0010,2026-06-10,2026-06,Instagram,Summer Launch,Live Clip,Education,0,5546,3668,138,50,5,0,549.46,28488,3,0,28491,38
SM0011,2026-06-11,2026-06,Instagram,Lead Gen,Short Video,Customer Story,0,7264,5473,345,193,12,0,1861.64,28491,13,2,28502,44
SM0012,2026-06-12,2026-06,Instagram,Brand Trust,Carousel,Industry Insight,0,3595,2769,103,81,5,0,694.87,28502,4,1,28505,49.3
SM0013,2026-06-13,2026-06,Instagram,Always On,Static Image,Education,1,4537,3396,254,107,10,469.95,1789.29,28505,6,1,28510,38.2
SM0014,2026-06-14,2026-06,Instagram,Summer Launch,Article,Customer Story,0,3460,2614,230,69,6,0,845.56,28510,6,2,28514,25.4
SM0015,2026-06-15,2026-06,Instagram,Lead Gen,Live Clip,Industry Insight,0,4707,3312,120,98,8,0,705.34,28514,7,2,28519,23
SM0016,2026-06-16,2026-06,Instagram,Brand Trust,Short Video,Education,0,7243,5392,504,122,7,0,566.43,28519,6,2,28523,25.9
SM0017,2026-06-17,2026-06,Instagram,Always On,Carousel,Customer Story,1,7472,5137,455,82,3,402.59,244.31,28523,9,1,28531,31.1
SM0018,2026-06-18,2026-06,Instagram,Summer Launch,Static Image,Industry Insight,0,13090,8798,771,336,36,0,3358.2,28531,10,1,28540,24.2
SM0019,2026-06-19,2026-06,Instagram,Lead Gen,Article,Education,0,11908,8936,603,334,28,0,2358.45,28540,21,4,28557,30.5
SM0020,2026-06-20,2026-06,Instagram,Brand Trust,Live Clip,Customer Story,0,5153,3935,137,58,5,0,729.9,28557,10,2,28565,36.5
SM0021,2026-06-21,2026-06,Instagram,Always On,Short Video,Industry Insight,1,9426,6921,691,269,18,504.54,2093.2,28565,5,2,28568,42.6
SM0022,2026-06-22,2026-06,Instagram,Summer Launch,Carousel,Education,0,8304,5913,525,239,21,0,3496.27,28568,6,2,28572,31.3
SM0023,2026-06-23,2026-06,Instagram,Lead Gen,Static Image,Customer Story,0,12073,8238,405,370,28,0,4446.57,28572,9,3,28578,49
SM0024,2026-06-24,2026-06,Instagram,Brand Trust,Article,Industry Insight,0,13596,9946,759,325,12,0,1939.23,28578,11,4,28585,47.8
SM0025,2026-06-25,2026-06,Instagram,Always On,Live Clip,Education,1,7996,6183,503,83,7,223.2,979.94,28585,13,3,28595,21.1
SM0026,2026-06-26,2026-06,Instagram,Summer Launch,Short Video,Customer Story,0,16564,13067,496,448,21,0,1913.48,28595,24,3,28616,40.4
SM0027,2026-06-27,2026-06,Instagram,Lead Gen,Carousel,Industry Insight,0,8237,6188,486,190,18,0,2342.53,28616,14,4,28626,47.7
SM0028,2026-06-28,2026-06,Instagram,Brand Trust,Static Image,Education,0,4303,2939,116,64,5,0,655.78,28626,4,1,28629,16.1
SM0029,2026-06-29,2026-06,Instagram,Always On,Article,Customer Story,1,10193,7329,351,169,15,838.65,1173.48,28629,9,2,28636,37.9
SM0030,2026-06-30,2026-06,Instagram,Summer Launch,Live Clip,Industry Insight,0,3408,2428,179,41,3,0,385.29,28636,2,1,28637,14.1
SM0031,2026-06-01,2026-06,Facebook,Lead Gen,Carousel,Product,1,6141,4640,193,124,5,1154.88,711.28,19800,12,3,19809,42.6
SM0032,2026-06-02,2026-06,Facebook,Brand Trust,Static Image,Behind the Scenes,0,6454,4153,165,72,4,0,678.86,19809,6,2,19813,37.7
SM0033,2026-06-03,2026-06,Facebook,Always On,Article,Promotion,1,3166,2516,144,38,3,1090.22,226.16,19813,2,0,19815,14.1
SM0034,2026-06-04,2026-06,Facebook,Summer Launch,Live Clip,Product,0,7929,5881,262,78,5,0,641.91,19815,9,2,19822,23.9
SM0035,2026-06-05,2026-06,Facebook,Lead Gen,Short Video,Behind the Scenes,1,7213,5485,238,128,13,253.55,2341,19822,7,1,19828,20.5
SM0036,2026-06-06,2026-06,Facebook,Brand Trust,Carousel,Promotion,1,5108,4040,226,106,10,490.08,1486.62,19828,7,2,19833,13.4
SM0037,2026-06-07,2026-06,Facebook,Always On,Static Image,Product,0,7585,4984,314,106,10,0,937.05,19833,12,2,19843,21.5
SM0038,2026-06-08,2026-06,Facebook,Summer Launch,Article,Behind the Scenes,0,7473,5022,311,97,8,0,1232.91,19843,6,2,19847,25.1
SM0039,2026-06-09,2026-06,Facebook,Lead Gen,Live Clip,Promotion,1,8367,5520,311,78,6,899.68,1132.45,19847,12,3,19856,30.8
SM0040,2026-06-10,2026-06,Facebook,Brand Trust,Short Video,Product,0,10124,6392,313,115,4,0,350.83,19856,9,2,19863,25.3
SM0041,2026-06-11,2026-06,Facebook,Always On,Carousel,Behind the Scenes,0,3935,3005,67,37,3,0,399.29,19863,2,1,19864,11.4
SM0042,2026-06-12,2026-06,Facebook,Summer Launch,Static Image,Promotion,1,7387,5356,165,83,8,527.08,877.97,19864,12,3,19873,17.5
SM0043,2026-06-13,2026-06,Facebook,Lead Gen,Article,Product,1,8901,6793,274,136,11,1057.11,1549.55,19873,7,1,19879,24.9
SM0044,2026-06-14,2026-06,Facebook,Brand Trust,Live Clip,Behind the Scenes,0,6477,4834,260,125,8,0,1032.44,19879,8,1,19886,35.7
SM0045,2026-06-15,2026-06,Facebook,Always On,Short Video,Promotion,1,7313,4887,318,86,6,804.9,680.15,19886,11,4,19893,27.1
SM0046,2026-06-16,2026-06,Facebook,Summer Launch,Carousel,Product,0,4470,3329,134,56,4,0,709.89,19893,4,1,19896,21.7
SM0047,2026-06-17,2026-06,Facebook,Lead Gen,Static Image,Behind the Scenes,1,5573,3545,154,110,6,982.07,595.04,19896,6,2,19900,25.8
SM0048,2026-06-18,2026-06,Facebook,Brand Trust,Article,Promotion,1,4386,3200,114,40,3,519.02,496.5,19900,7,2,19905,35.8
SM0049,2026-06-19,2026-06,Facebook,Always On,Live Clip,Product,0,8591,6276,163,149,7,0,590.45,19905,14,2,19917,45.1
SM0050,2026-06-20,2026-06,Facebook,Summer Launch,Short Video,Behind the Scenes,0,3638,2370,152,71,5,0,534.34,19917,3,1,19919,18.2
SM0051,2026-06-21,2026-06,Facebook,Lead Gen,Carousel,Promotion,1,5715,3845,211,35,3,1125.39,261.47,19919,5,2,19922,28.4
SM0052,2026-06-22,2026-06,Facebook,Brand Trust,Static Image,Product,0,5041,3944,85,40,4,0,731.88,19922,4,1,19925,22.1
SM0053,2026-06-23,2026-06,Facebook,Always On,Article,Behind the Scenes,0,9640,7744,334,105,7,0,1071.19,19925,13,2,19936,24
SM0054,2026-06-24,2026-06,Facebook,Summer Launch,Live Clip,Promotion,1,9303,6098,158,83,5,526.6,900.53,19936,7,1,19942,33.5
SM0055,2026-06-25,2026-06,Facebook,Lead Gen,Short Video,Product,1,8461,5641,183,96,9,1087.14,1505.89,19942,5,1,19946,14.6
SM0056,2026-06-26,2026-06,Facebook,Brand Trust,Carousel,Behind the Scenes,0,7216,5823,283,153,15,0,2323.77,19946,4,1,19949,40.9
SM0057,2026-06-27,2026-06,Facebook,Always On,Static Image,Promotion,1,3707,2342,113,87,6,434.91,699.55,19949,4,1,19952,6.3
SM0058,2026-06-28,2026-06,Facebook,Summer Launch,Article,Product,0,2743,1855,119,39,2,0,365.65,19952,4,1,19955,10.1
SM0059,2026-06-29,2026-06,Facebook,Lead Gen,Live Clip,Behind the Scenes,1,9484,6775,198,91,9,303.49,1647.99,19955,10,4,19961,44.7
SM0060,2026-06-30,2026-06,Facebook,Brand Trust,Short Video,Promotion,1,11670,9072,402,170,9,220.18,1558.44,19961,8,2,19967,18
SM0061,2026-06-01,2026-06,LinkedIn,Always On,Static Image,Customer Story,1,3133,2366,107,58,3,600.58,358.94,12600,4,1,12603,25.9
SM0062,2026-06-02,2026-06,LinkedIn,Summer Launch,Article,Industry Insight,0,7683,6069,125,214,20,0,3031.76,12603,5,1,12607,11.3
SM0063,2026-06-03,2026-06,LinkedIn,Lead Gen,Live Clip,Education,0,4223,2889,82,136,17,0,2413.57,12607,3,1,12609,7.3
SM0064,2026-06-04,2026-06,LinkedIn,Brand Trust,Short Video,Customer Story,0,9066,7206,222,100,10,0,848.97,12609,11,2,12618,23.7
SM0065,2026-06-05,2026-06,LinkedIn,Always On,Carousel,Industry Insight,1,4694,2960,134,107,14,431.6,1403.01,12618,6,1,12623,36
SM0066,2026-06-06,2026-06,LinkedIn,Summer Launch,Static Image,Education,0,7073,5528,237,185,13,0,1027.3,12623,6,1,12628,18.9
SM0067,2026-06-07,2026-06,LinkedIn,Lead Gen,Article,Customer Story,0,3748,2696,132,85,5,0,893.54,12628,4,1,12631,43.8
SM0068,2026-06-08,2026-06,LinkedIn,Brand Trust,Live Clip,Industry Insight,0,2111,1520,36,49,6,0,459.92,12631,2,1,12632,16
SM0069,2026-06-09,2026-06,LinkedIn,Always On,Short Video,Education,1,7051,5032,109,105,10,847.69,1638.76,12632,5,1,12636,33.2
SM0070,2026-06-10,2026-06,LinkedIn,Summer Launch,Carousel,Customer Story,0,7533,4824,110,216,24,0,4062.86,12636,4,1,12639,38.7
SM0071,2026-06-11,2026-06,LinkedIn,Lead Gen,Static Image,Industry Insight,0,7064,5485,122,156,10,0,1607.71,12639,5,1,12643,42.9
SM0072,2026-06-12,2026-06,LinkedIn,Brand Trust,Article,Education,0,2598,2020,90,75,10,0,1277.36,12643,4,1,12646,18.5
SM0073,2026-06-13,2026-06,LinkedIn,Always On,Live Clip,Customer Story,1,8031,5998,265,137,6,1049.82,640.88,12646,6,1,12651,19.3
SM0074,2026-06-14,2026-06,LinkedIn,Summer Launch,Short Video,Industry Insight,0,10389,7647,208,272,36,0,4907.59,12651,8,2,12657,7.1
SM0075,2026-06-15,2026-06,LinkedIn,Lead Gen,Carousel,Education,0,8078,6393,222,186,10,0,1508.67,12657,5,1,12661,31.6
SM0076,2026-06-16,2026-06,LinkedIn,Brand Trust,Static Image,Customer Story,0,4993,3616,107,133,7,0,837.51,12661,7,1,12667,44.1
SM0077,2026-06-17,2026-06,LinkedIn,Always On,Article,Industry Insight,1,4872,3431,82,41,4,341.15,353.68,12667,5,2,12670,9.9
SM0078,2026-06-18,2026-06,LinkedIn,Summer Launch,Live Clip,Education,0,7056,4508,216,187,20,0,1675.12,12670,7,2,12675,30.6
SM0079,2026-06-19,2026-06,LinkedIn,Lead Gen,Short Video,Customer Story,0,4749,3202,65,151,11,0,1737.92,12675,5,1,12679,16
SM0080,2026-06-20,2026-06,LinkedIn,Brand Trust,Carousel,Industry Insight,0,2068,1584,73,48,5,0,424.04,12679,2,1,12680,9.8
SM0081,2026-06-21,2026-06,LinkedIn,Always On,Static Image,Education,1,6380,4591,125,61,8,621.76,1047.94,12680,11,3,12688,6.4
SM0082,2026-06-22,2026-06,LinkedIn,Summer Launch,Article,Customer Story,0,3984,2571,92,66,8,0,753.02,12688,2,1,12689,8.8
SM0083,2026-06-23,2026-06,LinkedIn,Lead Gen,Live Clip,Industry Insight,0,3154,2469,95,37,5,0,395.04,12689,6,2,12693,17.7
SM0084,2026-06-24,2026-06,LinkedIn,Brand Trust,Short Video,Education,0,10441,8336,314,261,24,0,4241.85,12693,20,7,12706,9.7
SM0085,2026-06-25,2026-06,LinkedIn,Always On,Carousel,Customer Story,1,6548,5202,221,77,5,480.75,689.53,12706,8,1,12713,10
SM0086,2026-06-26,2026-06,LinkedIn,Summer Launch,Static Image,Industry Insight,0,4827,3274,95,91,11,0,853.92,12713,2,0,12715,8.8
SM0087,2026-06-27,2026-06,LinkedIn,Lead Gen,Article,Education,0,6166,4954,129,94,13,0,2113.74,12715,12,3,12724,32.4
SM0088,2026-06-28,2026-06,LinkedIn,Brand Trust,Live Clip,Customer Story,0,6376,4184,190,134,13,0,1664.57,12724,4,1,12727,44
SM0089,2026-06-29,2026-06,LinkedIn,Always On,Short Video,Industry Insight,1,5775,4050,207,190,23,596.14,3192.18,12727,7,2,12732,19.4
SM0090,2026-06-30,2026-06,LinkedIn,Summer Launch,Carousel,Education,0,2665,1923,57,36,4,0,716.13,12732,4,1,12735,36.6
SM0091,2026-06-01,2026-06,TikTok,Lead Gen,Article,Behind the Scenes,1,12676,9368,554,148,12,1074.48,1121.84,22100,12,2,22110,48.5
SM0092,2026-06-02,2026-06,TikTok,Brand Trust,Live Clip,Promotion,1,16713,11302,1097,152,12,1041.26,1456.98,22110,14,5,22119,20.6
SM0093,2026-06-03,2026-06,TikTok,Always On,Short Video,Product,0,11208,8909,537,204,13,0,2012.85,22119,22,5,22136,23.9
SM0094,2026-06-04,2026-06,TikTok,Summer Launch,Carousel,Behind the Scenes,0,6816,5222,325,81,6,0,784.7,22136,12,3,22145,37.8
SM0095,2026-06-05,2026-06,TikTok,Lead Gen,Static Image,Promotion,1,10742,7277,730,203,8,846.82,1473.97,22145,10,2,22153,33.7
SM0096,2026-06-06,2026-06,TikTok,Brand Trust,Article,Product,0,8105,5893,419,70,4,0,554.47,22153,6,2,22157,28.1
SM0097,2026-06-07,2026-06,TikTok,Always On,Live Clip,Behind the Scenes,0,7158,4535,180,131,14,0,1622.38,22157,9,2,22164,44.8
SM0098,2026-06-08,2026-06,TikTok,Summer Launch,Short Video,Promotion,1,10516,8499,936,144,14,846.65,1579.95,22164,17,4,22177,50
SM0099,2026-06-09,2026-06,TikTok,Lead Gen,Carousel,Product,1,14996,9551,1026,178,13,604.14,1204.21,22177,14,4,22187,46.5
SM0100,2026-06-10,2026-06,TikTok,Brand Trust,Static Image,Behind the Scenes,0,11232,7623,481,91,5,0,687.24,22187,15,3,22199,34.8
SM0101,2026-06-11,2026-06,TikTok,Always On,Article,Promotion,1,17836,13835,1618,201,9,1024.7,703.27,22199,19,4,22214,49.3
SM0102,2026-06-12,2026-06,TikTok,Summer Launch,Live Clip,Product,0,5675,4190,294,107,9,0,1391.85,22214,9,3,22220,9.8
SM0103,2026-06-13,2026-06,TikTok,Lead Gen,Short Video,Behind the Scenes,1,23153,14977,1528,425,30,395.14,4448.91,22220,33,11,22242,20
SM0104,2026-06-14,2026-06,TikTok,Brand Trust,Carousel,Promotion,1,14359,11313,660,126,8,407.62,898.83,22242,10,2,22250,42.3
SM0105,2026-06-15,2026-06,TikTok,Always On,Static Image,Product,0,5117,3297,158,90,7,0,1054.41,22250,3,1,22252,35.3
SM0106,2026-06-16,2026-06,TikTok,Summer Launch,Article,Behind the Scenes,0,5302,3505,430,52,6,0,553.65,22252,8,2,22258,25.5
SM0107,2026-06-17,2026-06,TikTok,Lead Gen,Live Clip,Promotion,1,18394,13838,1481,190,17,305.37,1364.82,22258,33,8,22283,26
SM0108,2026-06-18,2026-06,TikTok,Brand Trust,Short Video,Product,0,22118,17724,1212,215,21,0,3250.66,22283,33,6,22310,10.7
SM0109,2026-06-19,2026-06,TikTok,Always On,Carousel,Behind the Scenes,0,12634,9845,1144,175,17,0,2090.59,22310,19,4,22325,6.8
SM0110,2026-06-20,2026-06,TikTok,Summer Launch,Static Image,Promotion,1,15651,12067,568,226,13,495.66,1792.82,22325,23,4,22344,42.2
SM0111,2026-06-21,2026-06,TikTok,Lead Gen,Article,Product,1,10650,7159,332,148,16,345.36,1467.3,22344,10,2,22352,46.5
SM0112,2026-06-22,2026-06,TikTok,Brand Trust,Live Clip,Behind the Scenes,0,4168,2978,261,64,2,0,163.24,22352,7,2,22357,25.6
SM0113,2026-06-23,2026-06,TikTok,Always On,Short Video,Promotion,1,22793,17325,1550,392,35,942.38,2826.92,22357,42,13,22386,29.1
SM0114,2026-06-24,2026-06,TikTok,Summer Launch,Carousel,Product,0,16650,12280,502,127,10,0,1275.85,22386,28,8,22406,22
SM0115,2026-06-25,2026-06,TikTok,Lead Gen,Static Image,Behind the Scenes,1,7917,5346,344,153,8,344.97,769.17,22406,8,2,22412,11.8
SM0116,2026-06-26,2026-06,TikTok,Brand Trust,Article,Promotion,1,6154,4059,214,106,10,549.87,1588.45,22412,6,1,22417,22
SM0117,2026-06-27,2026-06,TikTok,Always On,Live Clip,Product,0,4233,2717,184,52,5,0,717.27,22417,4,1,22420,38
SM0118,2026-06-28,2026-06,TikTok,Summer Launch,Short Video,Behind the Scenes,0,14814,9799,978,186,14,0,1489.39,22420,20,6,22434,38.7
SM0119,2026-06-29,2026-06,TikTok,Lead Gen,Carousel,Promotion,1,9182,7417,689,75,5,457.25,661.14,22434,12,4,22442,16.8
SM0120,2026-06-30,2026-06,TikTok,Brand Trust,Static Image,Product,0,5736,3847,157,108,11,0,1658.72,22442,8,1,22449,36.9
SM0121,2026-06-01,2026-06,YouTube,Always On,Live Clip,Industry Insight,1,6802,5161,227,56,3,1077.22,427.06,9700,4,1,9703,36.1
SM0122,2026-06-02,2026-06,YouTube,Summer Launch,Short Video,Education,0,10084,7346,413,218,13,0,1206.16,9703,12,3,9712,37
SM0123,2026-06-03,2026-06,YouTube,Lead Gen,Carousel,Customer Story,0,6788,4749,145,137,15,0,2170.98,9712,4,1,9715,38.9
SM0124,2026-06-04,2026-06,YouTube,Brand Trust,Static Image,Industry Insight,0,11526,8516,524,302,15,0,2676.74,9715,19,6,9728,28.3
SM0125,2026-06-05,2026-06,YouTube,Always On,Article,Education,1,3998,3018,95,88,9,511.47,857.63,9728,3,1,9730,24.4
SM0126,2026-06-06,2026-06,YouTube,Summer Launch,Live Clip,Customer Story,0,8261,6588,440,141,13,0,1037.91,9730,6,1,9735,31.2
SM0127,2026-06-07,2026-06,YouTube,Lead Gen,Short Video,Industry Insight,0,12554,9396,415,347,27,0,5020.81,9735,10,3,9742,41.9
SM0128,2026-06-08,2026-06,YouTube,Brand Trust,Carousel,Education,0,6135,4841,379,112,10,0,857.07,9742,6,1,9747,7.4
SM0129,2026-06-09,2026-06,YouTube,Always On,Static Image,Customer Story,1,9634,7199,399,205,21,927.83,2781,9747,13,3,9757,35.3
SM0130,2026-06-10,2026-06,YouTube,Summer Launch,Article,Industry Insight,0,5894,4633,294,82,3,0,346.47,9757,8,2,9763,29.8
SM0131,2026-06-11,2026-06,YouTube,Lead Gen,Live Clip,Education,0,13062,9938,392,358,31,0,2702.64,9763,19,4,9778,16.3
SM0132,2026-06-12,2026-06,YouTube,Brand Trust,Short Video,Customer Story,0,5556,3991,221,73,6,0,807.29,9778,7,1,9784,18.6
SM0133,2026-06-13,2026-06,YouTube,Always On,Carousel,Industry Insight,1,8335,5486,440,237,9,387.57,1593.13,9784,9,1,9792,33.1
SM0134,2026-06-14,2026-06,YouTube,Summer Launch,Static Image,Education,0,7022,4896,179,63,7,0,1249.8,9792,7,1,9798,9.7
SM0135,2026-06-15,2026-06,YouTube,Lead Gen,Article,Customer Story,0,6995,5038,266,171,14,0,2478.54,9798,8,2,9804,11.4
SM0136,2026-06-16,2026-06,YouTube,Brand Trust,Live Clip,Industry Insight,0,11483,8185,455,324,22,0,3661.16,9804,13,5,9812,42.4
SM0137,2026-06-17,2026-06,YouTube,Always On,Short Video,Education,1,14900,10467,503,331,33,243.69,5727.76,9812,22,5,9829,23
SM0138,2026-06-18,2026-06,YouTube,Summer Launch,Carousel,Customer Story,0,4978,3840,165,145,13,0,1785.14,9829,4,1,9832,26.7
SM0139,2026-06-19,2026-06,YouTube,Lead Gen,Static Image,Industry Insight,0,11675,9024,259,132,6,0,1032.17,9832,20,3,9849,37.6
SM0140,2026-06-20,2026-06,YouTube,Brand Trust,Article,Education,0,5460,4300,306,52,5,0,536.25,9849,4,1,9852,37.2
SM0141,2026-06-21,2026-06,YouTube,Always On,Live Clip,Customer Story,1,5746,4512,147,46,4,229.39,715.97,9852,9,2,9859,10.9
SM0142,2026-06-22,2026-06,YouTube,Summer Launch,Short Video,Industry Insight,0,4541,3323,271,40,2,0,179.95,9859,3,1,9861,34.5
SM0143,2026-06-23,2026-06,YouTube,Lead Gen,Carousel,Education,0,3720,2810,194,61,4,0,694.71,9861,5,2,9864,34.4
SM0144,2026-06-24,2026-06,YouTube,Brand Trust,Static Image,Customer Story,0,3032,1982,91,52,2,0,331.3,9864,2,1,9865,48
SM0145,2026-06-25,2026-06,YouTube,Always On,Article,Industry Insight,1,7585,5993,515,89,7,623.24,855.02,9865,14,2,9877,25.2
SM0146,2026-06-26,2026-06,YouTube,Summer Launch,Live Clip,Education,0,11761,8947,463,301,17,0,2412.63,9877,16,3,9890,41.8
SM0147,2026-06-27,2026-06,YouTube,Lead Gen,Short Video,Customer Story,0,11824,9429,458,118,11,0,2020.58,9890,17,6,9901,30.2
SM0148,2026-06-28,2026-06,YouTube,Brand Trust,Carousel,Industry Insight,0,9107,6509,379,207,16,0,2464.44,9901,12,3,9910,28.7
SM0149,2026-06-29,2026-06,YouTube,Always On,Static Image,Education,1,11687,9328,305,291,14,958.38,1555,9910,22,8,9924,16.2
SM0150,2026-06-30,2026-06,YouTube,Summer Launch,Article,Customer Story,0,4696,3347,128,69,7,0,715.07,9924,5,1,9928,21.7
SM0151,2026-07-01,2026-07,Instagram,Always On,Short Video,Education,1,13264,9882,639,149,15,526.66,1671.41,28928,9,1,28936,6.4
SM0152,2026-07-02,2026-07,Instagram,Summer Launch,Carousel,Customer Story,0,4543,2915,305,110,8,0,1208.8,28936,3,1,28938,9.6
SM0153,2026-07-03,2026-07,Instagram,Lead Gen,Static Image,Industry Insight,0,8669,5562,352,144,9,0,1491.83,28938,5,1,28942,23.5
SM0154,2026-07-04,2026-07,Instagram,Brand Trust,Article,Education,0,4322,2812,207,46,2,0,310.32,28942,5,1,28946,37.9
SM0155,2026-07-05,2026-07,Instagram,Always On,Live Clip,Customer Story,1,7701,5880,295,222,13,879.61,1623.61,28946,8,2,28952,38.5
SM0156,2026-07-06,2026-07,Instagram,Summer Launch,Short Video,Industry Insight,0,16179,10758,1076,303,16,0,2885.24,28952,19,2,28969,6.8
SM0157,2026-07-07,2026-07,Instagram,Lead Gen,Carousel,Education,0,16048,11117,593,397,44,0,6669.58,28969,10,2,28977,16.9
SM0158,2026-07-08,2026-07,Instagram,Brand Trust,Static Image,Customer Story,0,9312,6917,569,258,20,0,1683.27,28977,10,2,28985,45.3
SM0159,2026-07-09,2026-07,Instagram,Always On,Article,Industry Insight,1,14950,10519,467,125,8,955.85,1208.68,28985,19,3,29001,11.8
SM0160,2026-07-10,2026-07,Instagram,Summer Launch,Live Clip,Education,0,7125,4600,460,106,11,0,1739.55,29001,10,3,29008,40.8
SM0161,2026-07-11,2026-07,Instagram,Lead Gen,Short Video,Customer Story,0,6918,5220,316,205,17,0,1506.02,29008,9,2,29015,40.9
SM0162,2026-07-12,2026-07,Instagram,Brand Trust,Carousel,Industry Insight,0,8175,5360,401,196,18,0,1775.47,29015,11,2,29024,25.6
SM0163,2026-07-13,2026-07,Instagram,Always On,Static Image,Education,1,6612,5332,246,139,7,607.19,587.5,29024,11,3,29032,45.2
SM0164,2026-07-14,2026-07,Instagram,Summer Launch,Article,Customer Story,0,15891,12323,589,189,16,0,1431.45,29032,28,6,29054,32.1
SM0165,2026-07-15,2026-07,Instagram,Lead Gen,Live Clip,Industry Insight,0,5660,4131,355,64,3,0,538.84,29054,10,3,29061,38.6
SM0166,2026-07-16,2026-07,Instagram,Brand Trust,Short Video,Education,0,11955,9251,544,113,12,0,2019.71,29061,8,3,29066,26.8
SM0167,2026-07-17,2026-07,Instagram,Always On,Carousel,Customer Story,1,7364,4996,472,53,4,462.45,617.14,29066,4,1,29069,22.3
SM0168,2026-07-18,2026-07,Instagram,Summer Launch,Static Image,Industry Insight,0,9973,7536,354,217,11,0,2082.7,29069,16,4,29081,9.5
SM0169,2026-07-19,2026-07,Instagram,Lead Gen,Article,Education,0,9950,6991,711,302,12,0,2145.9,29081,14,4,29091,28.7
SM0170,2026-07-20,2026-07,Instagram,Brand Trust,Live Clip,Customer Story,0,5608,3647,278,151,9,0,1584.49,29091,4,1,29094,30.7
SM0171,2026-07-21,2026-07,Instagram,Always On,Short Video,Industry Insight,1,21540,17042,647,378,25,1122.27,3373.35,29094,19,4,29109,21.6
SM0172,2026-07-22,2026-07,Instagram,Summer Launch,Carousel,Education,0,16614,12636,1157,153,13,0,2007.71,29109,14,4,29119,29.9
SM0173,2026-07-23,2026-07,Instagram,Lead Gen,Static Image,Customer Story,0,14778,11280,391,148,8,0,927.92,29119,20,3,29136,35.4
SM0174,2026-07-24,2026-07,Instagram,Brand Trust,Article,Industry Insight,0,12437,8785,353,199,7,0,1171.3,29136,16,3,29149,6.7
SM0175,2026-07-25,2026-07,Instagram,Always On,Live Clip,Education,1,3833,2832,247,110,12,593.57,1156.8,29149,7,1,29155,26.1
SM0176,2026-07-26,2026-07,Instagram,Summer Launch,Short Video,Customer Story,0,12340,8714,737,263,16,0,2839.86,29155,17,5,29167,45.9
SM0177,2026-07-27,2026-07,Instagram,Lead Gen,Carousel,Industry Insight,0,5405,3716,370,155,15,0,1208.97,29167,4,1,29170,9.5
SM0178,2026-07-28,2026-07,Instagram,Brand Trust,Static Image,Education,0,13857,9824,705,201,12,0,2086.64,29170,12,2,29180,43.7
SM0179,2026-07-29,2026-07,Instagram,Always On,Article,Customer Story,1,6690,4617,247,122,5,356.61,607.83,29180,6,1,29185,20.5
SM0180,2026-07-30,2026-07,Instagram,Summer Launch,Live Clip,Industry Insight,0,11983,9111,630,359,13,0,1898.12,29185,21,4,29202,11.2
SM0181,2026-07-31,2026-07,Instagram,Lead Gen,Short Video,Education,0,7148,5212,332,155,17,0,2479.3,29202,9,2,29209,39.4
SM0182,2026-07-01,2026-07,Instagram,Brand Trust,Carousel,Customer Story,0,15250,11708,487,272,14,0,2540.73,29209,17,4,29222,35.3
SM0183,2026-07-02,2026-07,Instagram,Always On,Static Image,Industry Insight,1,4208,3229,252,85,8,552.73,949.24,29222,7,2,29227,44.9
SM0184,2026-07-03,2026-07,Instagram,Summer Launch,Article,Education,0,14680,10666,746,413,32,0,3385.92,29227,21,7,29241,41
SM0185,2026-07-01,2026-07,Facebook,Lead Gen,Carousel,Product,1,7954,5828,352,93,8,576.69,642.64,20128,9,1,20136,19
SM0186,2026-07-02,2026-07,Facebook,Brand Trust,Static Image,Behind the Scenes,0,8468,5706,310,86,9,0,1067.3,20136,14,4,20146,32.1
SM0187,2026-07-03,2026-07,Facebook,Always On,Article,Promotion,1,2688,1927,118,56,5,366.18,409.04,20146,4,1,20149,31.6
SM0188,2026-07-04,2026-07,Facebook,Summer Launch,Live Clip,Product,0,10304,8003,286,146,15,0,2184.22,20149,11,2,20158,35
SM0189,2026-07-05,2026-07,Facebook,Lead Gen,Short Video,Behind the Scenes,1,3945,2674,82,47,5,365.74,867.15,20158,5,2,20161,31.6
SM0190,2026-07-06,2026-07,Facebook,Brand Trust,Carousel,Promotion,1,10569,7316,427,124,11,583.36,1190.32,20161,9,1,20169,43.3
SM0191,2026-07-07,2026-07,Facebook,Always On,Static Image,Product,0,5898,3764,225,108,6,0,975.06,20169,5,2,20172,48.8
SM0192,2026-07-08,2026-07,Facebook,Summer Launch,Article,Behind the Scenes,0,4312,2948,126,68,5,0,519.06,20172,5,1,20176,32.8
SM0193,2026-07-09,2026-07,Facebook,Lead Gen,Live Clip,Promotion,1,8054,5423,257,56,3,936.72,429.92,20176,5,2,20179,26.6
SM0194,2026-07-10,2026-07,Facebook,Brand Trust,Short Video,Product,0,12103,8859,282,155,9,0,978.01,20179,17,4,20192,37
SM0195,2026-07-11,2026-07,Facebook,Always On,Carousel,Behind the Scenes,0,3629,2908,71,34,3,0,410.53,20192,2,1,20193,10.7
SM0196,2026-07-12,2026-07,Facebook,Summer Launch,Static Image,Promotion,1,6006,3886,100,104,4,566.14,661.85,20193,8,1,20200,16.6
SM0197,2026-07-13,2026-07,Facebook,Lead Gen,Article,Product,1,5547,3795,105,110,8,659.83,1437.47,20200,8,3,20205,12.6
SM0198,2026-07-14,2026-07,Facebook,Brand Trust,Live Clip,Behind the Scenes,0,7280,5101,211,117,7,0,566.57,20205,10,3,20212,44.9
SM0199,2026-07-15,2026-07,Facebook,Always On,Short Video,Promotion,1,13063,8443,530,73,5,410.07,375.59,20212,21,5,20228,43.3
SM0200,2026-07-16,2026-07,Facebook,Summer Launch,Carousel,Product,0,4700,3773,108,90,4,0,425.38,20228,4,1,20231,31.7
SM0201,2026-07-17,2026-07,Facebook,Lead Gen,Static Image,Behind the Scenes,1,10032,7839,228,229,16,857.16,2293.13,20231,6,1,20236,24.5
SM0202,2026-07-18,2026-07,Facebook,Brand Trust,Article,Promotion,1,7098,5649,302,164,6,1141.5,522.09,20236,4,1,20239,10.6
SM0203,2026-07-19,2026-07,Facebook,Always On,Live Clip,Product,0,6814,5488,353,95,8,0,601.2,20239,6,1,20244,9.6
SM0204,2026-07-20,2026-07,Facebook,Summer Launch,Short Video,Behind the Scenes,0,4803,3820,246,30,3,0,344.17,20244,8,1,20251,13.1
SM0205,2026-07-21,2026-07,Facebook,Lead Gen,Carousel,Promotion,1,10166,7262,398,225,12,280.84,1066.13,20251,9,1,20259,35.9
SM0206,2026-07-22,2026-07,Facebook,Brand Trust,Static Image,Product,0,8350,5929,309,60,2,0,333.5,20259,5,2,20262,28.2
SM0207,2026-07-23,2026-07,Facebook,Always On,Article,Behind the Scenes,0,4063,2892,182,36,2,0,350.72,20262,3,0,20265,13.2
SM0208,2026-07-24,2026-07,Facebook,Summer Launch,Live Clip,Promotion,1,5133,3463,73,87,3,978.46,523.31,20265,4,1,20268,26.3
SM0209,2026-07-25,2026-07,Facebook,Lead Gen,Short Video,Product,1,10631,7549,460,67,6,406.75,725.31,20268,17,6,20279,45.5
SM0210,2026-07-26,2026-07,Facebook,Brand Trust,Carousel,Behind the Scenes,0,2473,1746,54,31,3,0,313.96,20279,4,1,20282,15.2
SM0211,2026-07-27,2026-07,Facebook,Always On,Static Image,Promotion,1,10121,7331,399,159,17,1142.73,2527.05,20282,9,3,20288,47.4
SM0212,2026-07-28,2026-07,Facebook,Summer Launch,Article,Product,0,6961,4863,274,150,8,0,873.28,20288,8,3,20293,15.3
SM0213,2026-07-29,2026-07,Facebook,Lead Gen,Live Clip,Behind the Scenes,1,3185,2491,105,17,1,615.39,176.59,20293,3,1,20295,13.9
SM0214,2026-07-30,2026-07,Facebook,Brand Trust,Short Video,Promotion,1,12939,8584,243,259,27,630.72,4992.18,20295,20,5,20310,32
SM0215,2026-07-31,2026-07,Facebook,Always On,Carousel,Product,0,9732,7003,148,146,11,0,2036.56,20310,12,4,20318,24.6
SM0216,2026-07-01,2026-07,Facebook,Summer Launch,Static Image,Behind the Scenes,0,9710,6277,139,187,12,0,1840.29,20318,12,4,20326,27.1
SM0217,2026-07-02,2026-07,Facebook,Lead Gen,Article,Promotion,1,10323,7346,236,235,8,331.12,853.25,20326,13,4,20335,39.9
SM0218,2026-07-03,2026-07,Facebook,Brand Trust,Live Clip,Product,0,10315,6683,150,189,15,0,1927.78,20335,11,2,20344,42.5
SM0219,2026-07-01,2026-07,LinkedIn,Always On,Static Image,Customer Story,1,2165,1470,80,53,5,867.38,823.25,12880,3,1,12882,17
SM0220,2026-07-02,2026-07,LinkedIn,Summer Launch,Article,Industry Insight,0,4512,3652,81,63,8,0,892.87,12882,9,2,12889,39.2
SM0221,2026-07-03,2026-07,LinkedIn,Lead Gen,Live Clip,Education,0,4086,3004,159,128,12,0,2270.46,12889,4,1,12892,12.1
SM0222,2026-07-04,2026-07,LinkedIn,Brand Trust,Short Video,Customer Story,0,6838,4525,247,183,14,0,1633.75,12892,4,1,12895,12.2
SM0223,2026-07-05,2026-07,LinkedIn,Always On,Carousel,Industry Insight,1,3239,2122,50,72,4,406.36,524.1,12895,4,1,12898,25.2
SM0224,2026-07-06,2026-07,LinkedIn,Summer Launch,Static Image,Education,0,3253,2622,84,52,4,0,544.73,12898,6,2,12902,6.8
SM0225,2026-07-07,2026-07,LinkedIn,Lead Gen,Article,Customer Story,0,8278,5346,195,258,18,0,1892.85,12902,11,3,12910,19.2
SM0226,2026-07-08,2026-07,LinkedIn,Brand Trust,Live Clip,Industry Insight,0,6864,5087,172,56,8,0,954.87,12910,7,1,12916,27.3
SM0227,2026-07-09,2026-07,LinkedIn,Always On,Short Video,Education,1,4858,3801,192,41,2,711.94,318.93,12916,9,2,12923,29.1
SM0228,2026-07-10,2026-07,LinkedIn,Summer Launch,Carousel,Customer Story,0,6546,5020,133,142,16,0,1695.42,12923,10,2,12931,20.3
SM0229,2026-07-11,2026-07,LinkedIn,Lead Gen,Static Image,Industry Insight,0,4351,3408,67,108,13,0,2324.59,12931,3,1,12933,17.4
SM0230,2026-07-12,2026-07,LinkedIn,Brand Trust,Article,Education,0,4631,3192,115,93,8,0,966.01,12933,6,1,12938,44.1
SM0231,2026-07-13,2026-07,LinkedIn,Always On,Live Clip,Customer Story,1,9187,6315,112,293,31,736.48,3384.72,12938,11,3,12946,10.8
SM0232,2026-07-14,2026-07,LinkedIn,Summer Launch,Short Video,Industry Insight,0,10920,7627,360,179,14,0,2152.39,12946,9,2,12953,36.9
SM0233,2026-07-15,2026-07,LinkedIn,Lead Gen,Carousel,Education,0,7733,4923,222,98,9,0,1329.12,12953,4,1,12956,25.7
SM0234,2026-07-16,2026-07,LinkedIn,Brand Trust,Static Image,Customer Story,0,3569,2661,140,112,9,0,1693.03,12956,3,0,12959,23.3
SM0235,2026-07-17,2026-07,LinkedIn,Always On,Article,Industry Insight,1,4544,3180,71,49,5,488.23,793.06,12959,5,2,12962,37.1
SM0236,2026-07-18,2026-07,LinkedIn,Summer Launch,Live Clip,Education,0,6676,5238,187,114,10,0,863.18,12962,6,2,12966,43.1
SM0237,2026-07-19,2026-07,LinkedIn,Lead Gen,Short Video,Customer Story,0,4851,3390,92,133,8,0,1438.91,12966,3,1,12968,15.1
SM0238,2026-07-20,2026-07,LinkedIn,Brand Trust,Carousel,Industry Insight,0,3284,2186,75,105,11,0,1775.09,12968,5,1,12972,47.5
SM0239,2026-07-21,2026-07,LinkedIn,Always On,Static Image,Education,1,6759,5469,265,99,6,459.09,602.02,12972,7,1,12978,18
SM0240,2026-07-22,2026-07,LinkedIn,Summer Launch,Article,Customer Story,0,3582,2515,50,111,13,0,2017.9,12978,3,1,12980,44.7
SM0241,2026-07-23,2026-07,LinkedIn,Lead Gen,Live Clip,Industry Insight,0,7277,5583,287,125,13,0,2045.97,12980,12,3,12989,25
SM0242,2026-07-24,2026-07,LinkedIn,Brand Trust,Short Video,Education,0,11534,8661,278,143,14,0,1384.56,12989,21,3,13007,40.3
SM0243,2026-07-25,2026-07,LinkedIn,Always On,Carousel,Customer Story,1,2393,1880,57,36,2,867.79,321.03,13007,4,1,13010,14.9
SM0244,2026-07-26,2026-07,LinkedIn,Summer Launch,Static Image,Industry Insight,0,8168,5412,255,208,15,0,2301.4,13010,8,2,13016,7.9
SM0245,2026-07-27,2026-07,LinkedIn,Lead Gen,Article,Education,0,5656,4077,103,66,7,0,912.63,13016,8,2,13022,33
SM0246,2026-07-28,2026-07,LinkedIn,Brand Trust,Live Clip,Customer Story,0,3520,2831,130,42,5,0,544.93,13022,4,1,13025,9.9
SM0247,2026-07-29,2026-07,LinkedIn,Always On,Short Video,Industry Insight,1,11210,7453,242,249,14,630.84,1364.08,13025,13,4,13034,34.1
SM0248,2026-07-30,2026-07,LinkedIn,Summer Launch,Carousel,Education,0,7591,5514,222,178,23,0,4321.99,13034,8,3,13039,7.7
SM0249,2026-07-31,2026-07,LinkedIn,Lead Gen,Static Image,Customer Story,0,3124,2369,111,69,8,0,1167.7,13039,4,1,13042,8.3
SM0250,2026-07-01,2026-07,LinkedIn,Brand Trust,Article,Industry Insight,0,2140,1411,65,50,7,0,642.68,13042,3,1,13044,33.3
SM0251,2026-07-02,2026-07,LinkedIn,Always On,Live Clip,Education,1,7059,4845,125,72,10,616.04,1671.46,13044,5,1,13048,38.9
SM0252,2026-07-03,2026-07,LinkedIn,Summer Launch,Short Video,Customer Story,0,3604,2601,109,73,4,0,322.64,13048,2,0,13050,13.9
SM0253,2026-07-01,2026-07,TikTok,Lead Gen,Article,Behind the Scenes,1,11561,8617,606,186,15,1169.71,1918.76,22720,14,3,22731,25.8
SM0254,2026-07-02,2026-07,TikTok,Brand Trust,Live Clip,Promotion,1,9688,7383,471,138,13,452.55,1390.71,22731,7,1,22737,41.4
SM0255,2026-07-03,2026-07,TikTok,Always On,Short Video,Product,0,7129,5078,503,46,5,0,693.81,22737,5,1,22741,41.4
SM0256,2026-07-04,2026-07,TikTok,Summer Launch,Carousel,Behind the Scenes,0,11406,7284,889,184,13,0,1237.04,22741,16,4,22753,11.3
SM0257,2026-07-05,2026-07,TikTok,Lead Gen,Static Image,Promotion,1,7091,5593,239,75,5,796.96,522.72,22753,14,5,22762,14.6
SM0258,2026-07-06,2026-07,TikTok,Brand Trust,Article,Product,0,16602,11203,1166,129,6,0,1035.31,22762,27,7,22782,18.7
SM0259,2026-07-07,2026-07,TikTok,Always On,Live Clip,Behind the Scenes,0,17713,11792,1380,238,26,0,4300.17,22782,14,4,22792,15.2
SM0260,2026-07-08,2026-07,TikTok,Summer Launch,Short Video,Promotion,1,21329,14058,1100,119,6,343.08,590.43,22792,30,6,22816,44.4
SM0261,2026-07-09,2026-07,TikTok,Lead Gen,Carousel,Product,1,6572,4231,270,68,6,422.55,574.04,22816,9,2,22823,35.1
SM0262,2026-07-10,2026-07,TikTok,Brand Trust,Static Image,Behind the Scenes,0,10596,7001,655,76,5,0,635.53,22823,12,4,22831,46.6
SM0263,2026-07-11,2026-07,TikTok,Always On,Article,Promotion,1,4652,2945,359,70,7,1084.34,1015.53,22831,4,1,22834,40.4
SM0264,2026-07-12,2026-07,TikTok,Summer Launch,Live Clip,Product,0,16694,10765,584,97,4,0,544.87,22834,8,2,22840,45.6
SM0265,2026-07-13,2026-07,TikTok,Lead Gen,Short Video,Behind the Scenes,1,16130,11492,617,308,22,420.52,2138.04,22840,25,8,22857,25
SM0266,2026-07-14,2026-07,TikTok,Brand Trust,Carousel,Promotion,1,10675,7509,886,60,4,1072.87,667.02,22857,19,4,22872,33.7
SM0267,2026-07-15,2026-07,TikTok,Always On,Static Image,Product,0,9740,7319,843,47,5,0,798.64,22872,15,4,22883,24.9
SM0268,2026-07-16,2026-07,TikTok,Summer Launch,Article,Behind the Scenes,0,4869,3111,161,32,1,0,162.94,22883,3,1,22885,13.1
SM0269,2026-07-17,2026-07,TikTok,Lead Gen,Live Clip,Promotion,1,11317,7838,938,67,3,596.85,369.46,22885,7,1,22891,6.8
SM0270,2026-07-18,2026-07,TikTok,Brand Trust,Short Video,Product,0,12234,9469,985,105,6,0,783.8,22891,22,6,22907,29.9
SM0271,2026-07-19,2026-07,TikTok,Always On,Carousel,Behind the Scenes,0,9535,6652,461,174,10,0,1400.04,22907,14,4,22917,28.3
SM0272,2026-07-20,2026-07,TikTok,Summer Launch,Static Image,Promotion,1,18894,13460,1468,327,15,1062.75,2113.44,22917,17,5,22929,40.8
SM0273,2026-07-21,2026-07,TikTok,Lead Gen,Article,Product,1,6588,4798,367,66,7,771.84,872.08,22929,11,2,22938,14.9
SM0274,2026-07-22,2026-07,TikTok,Brand Trust,Live Clip,Behind the Scenes,0,12624,8693,1046,114,9,0,1146.31,22938,7,1,22944,10.8
SM0275,2026-07-23,2026-07,TikTok,Always On,Short Video,Promotion,1,14644,10394,404,169,16,501.13,2049.72,22944,13,5,22952,13.5
SM0276,2026-07-24,2026-07,TikTok,Summer Launch,Carousel,Product,0,10908,7124,524,212,19,0,1865.46,22952,17,5,22964,35.4
SM0277,2026-07-25,2026-07,TikTok,Lead Gen,Static Image,Behind the Scenes,1,5960,3798,217,108,8,1119.14,1343.86,22964,7,2,22969,41.7
SM0278,2026-07-26,2026-07,TikTok,Brand Trust,Article,Promotion,1,5938,4532,454,112,10,843.56,1191.49,22969,3,1,22971,26.3
SM0279,2026-07-27,2026-07,TikTok,Always On,Live Clip,Product,0,8524,6232,320,93,4,0,645.1,22971,5,2,22974,9.7
SM0280,2026-07-28,2026-07,TikTok,Summer Launch,Short Video,Behind the Scenes,0,18134,12192,1015,200,14,0,2338.46,22974,9,2,22981,6.3
SM0281,2026-07-29,2026-07,TikTok,Lead Gen,Carousel,Promotion,1,15659,12245,602,76,5,946.48,491.16,22981,28,7,23002,36
SM0282,2026-07-30,2026-07,TikTok,Brand Trust,Static Image,Product,0,13049,8633,424,189,14,0,1314.93,23002,19,7,23014,49.7
SM0283,2026-07-31,2026-07,TikTok,Always On,Article,Behind the Scenes,0,4730,3296,304,58,3,0,258.33,23014,6,1,23019,7.7
SM0284,2026-07-01,2026-07,TikTok,Summer Launch,Live Clip,Promotion,1,14239,9515,427,161,7,227.82,880.68,23019,14,3,23030,28.8
SM0285,2026-07-02,2026-07,TikTok,Lead Gen,Short Video,Product,1,7895,6242,755,82,8,795.35,1085.25,23030,7,3,23034,35.1
SM0286,2026-07-03,2026-07,TikTok,Brand Trust,Carousel,Behind the Scenes,0,9509,6033,459,64,4,0,352.4,23034,12,4,23042,33.3
SM0287,2026-07-01,2026-07,YouTube,Always On,Live Clip,Industry Insight,1,10572,8244,228,87,7,852.38,1075.02,10140,13,4,10149,18.9
SM0288,2026-07-02,2026-07,YouTube,Summer Launch,Short Video,Education,0,4380,3329,288,111,8,0,1414.48,10149,4,1,10152,40.6
SM0289,2026-07-03,2026-07,YouTube,Lead Gen,Carousel,Customer Story,0,3322,2478,171,52,5,0,633.48,10152,5,2,10155,28.1
SM0290,2026-07-04,2026-07,YouTube,Brand Trust,Static Image,Industry Insight,0,12612,9485,826,202,10,0,1066.84,10155,18,3,10170,30.6
SM0291,2026-07-05,2026-07,YouTube,Always On,Article,Education,1,3168,2284,67,58,6,753.51,603.23,10170,5,1,10174,14.7
SM0292,2026-07-06,2026-07,YouTube,Summer Launch,Live Clip,Customer Story,0,6311,4589,381,104,6,0,917.59,10174,11,2,10183,13.7
SM0293,2026-07-07,2026-07,YouTube,Lead Gen,Short Video,Industry Insight,0,10898,8169,291,152,8,0,681.16,10183,13,3,10193,8.7
SM0294,2026-07-08,2026-07,YouTube,Brand Trust,Carousel,Education,0,5027,3741,282,123,8,0,796.61,10193,9,3,10199,14.7
SM0295,2026-07-09,2026-07,YouTube,Always On,Static Image,Customer Story,1,7682,5918,499,179,13,812.48,2409.01,10199,10,2,10207,25.2
SM0296,2026-07-10,2026-07,YouTube,Summer Launch,Article,Industry Insight,0,8460,6087,299,119,4,0,540.52,10207,8,2,10213,32
SM0297,2026-07-11,2026-07,YouTube,Lead Gen,Live Clip,Education,0,8384,5287,229,63,3,0,439.3,10213,4,1,10216,16.6
SM0298,2026-07-12,2026-07,YouTube,Brand Trust,Short Video,Customer Story,0,11669,7891,486,165,15,0,1908.12,10216,13,3,10226,39.4
SM0299,2026-07-13,2026-07,YouTube,Always On,Carousel,Industry Insight,1,11303,7283,314,329,24,688.01,2152.37,10226,12,2,10236,29
SM0300,2026-07-14,2026-07,YouTube,Summer Launch,Static Image,Education,0,4406,2819,111,29,1,0,99.64,10236,4,1,10239,19.2
SM0301,2026-07-15,2026-07,YouTube,Lead Gen,Article,Customer Story,0,10008,6418,415,153,13,0,2379.3,10239,8,1,10246,19.7
SM0302,2026-07-16,2026-07,YouTube,Brand Trust,Live Clip,Industry Insight,0,8107,6335,536,125,12,0,1726.43,10246,5,1,10250,7.6
SM0303,2026-07-17,2026-07,YouTube,Always On,Short Video,Education,1,11074,7020,584,292,32,971.23,5149.84,10250,7,2,10255,48
SM0304,2026-07-18,2026-07,YouTube,Summer Launch,Carousel,Customer Story,0,11100,7690,268,83,8,0,941.82,10255,9,3,10261,20.3
SM0305,2026-07-19,2026-07,YouTube,Lead Gen,Static Image,Industry Insight,0,12458,9495,314,286,12,0,1006.96,10261,13,4,10270,30.5
SM0306,2026-07-20,2026-07,YouTube,Brand Trust,Article,Education,0,6393,5079,445,66,6,0,862.08,10270,5,1,10274,7.4
SM0307,2026-07-21,2026-07,YouTube,Always On,Live Clip,Customer Story,1,7071,5139,318,134,14,235.82,1726.85,10274,6,1,10279,25.9
SM0308,2026-07-22,2026-07,YouTube,Summer Launch,Short Video,Industry Insight,0,7491,5188,435,135,11,0,861.59,10279,12,2,10289,43.7
SM0309,2026-07-23,2026-07,YouTube,Lead Gen,Carousel,Education,0,4452,3351,294,123,4,0,730.32,10289,7,2,10294,21.3
SM0310,2026-07-24,2026-07,YouTube,Brand Trust,Static Image,Customer Story,0,9214,6260,216,237,12,0,1261.6,10294,13,2,10305,26.2
SM0311,2026-07-25,2026-07,YouTube,Always On,Article,Industry Insight,1,10588,7925,528,266,14,815.43,1381.46,10305,8,3,10310,49.2
SM0312,2026-07-26,2026-07,YouTube,Summer Launch,Live Clip,Education,0,13415,10738,720,204,18,0,2499.49,10310,16,3,10323,36.8
SM0313,2026-07-27,2026-07,YouTube,Lead Gen,Short Video,Customer Story,0,6028,4215,179,91,9,0,1548.82,10323,5,1,10327,12.9
SM0314,2026-07-28,2026-07,YouTube,Brand Trust,Carousel,Industry Insight,0,8291,5642,242,237,10,0,1222.31,10327,9,2,10334,47.5
SM0315,2026-07-29,2026-07,YouTube,Always On,Static Image,Education,1,14474,10497,584,172,11,855.94,1012.53,10334,21,5,10350,27.1
SM0316,2026-07-30,2026-07,YouTube,Summer Launch,Article,Customer Story,0,8293,5652,356,121,10,0,946.47,10350,12,4,10358,31.5
SM0317,2026-07-31,2026-07,YouTube,Lead Gen,Live Clip,Industry Insight,0,12619,10216,547,270,17,0,2408.92,10358,16,4,10370,36.6
SM0318,2026-07-01,2026-07,YouTube,Brand Trust,Short Video,Education,0,9781,6292,191,175,14,0,1579.57,10370,14,3,10381,16.9
SM0319,2026-07-02,2026-07,YouTube,Always On,Carousel,Customer Story,1,5164,4079,311,137,13,812.51,1898,10381,9,1,10389,28
SM0320,2026-07-03,2026-07,YouTube,Summer Launch,Static Image,Industry Insight,0,7532,4824,179,113,10,0,1321.09,10389,7,2,10394,47.2